"Category","Nitrogen dioxide"
"14/5/2024 1:00",12.3
"14/5/2024 2:00",11.32
"14/5/2024 3:00",10.82
"14/5/2024 4:00",14.17
"14/5/2024 5:00",14.89
"14/5/2024 6:00",14.78
"14/5/2024 7:00",12.91
"14/5/2024 8:00",11.13
"14/5/2024 9:00",11.66
"14/5/2024 10:00",9.67
"14/5/2024 11:00",9.15
"14/5/2024 12:00",7.79
"14/5/2024 13:00",7.43
"14/5/2024 14:00",9.16
"14/5/2024 15:00",8.89
"14/5/2024 16:00",9.04
"14/5/2024 17:00",8.95
"14/5/2024 18:00",9.49
"14/5/2024 19:00",10.64
"14/5/2024 20:00",11.24
"14/5/2024 21:00",11.93
"14/5/2024 22:00",12.69
"14/5/2024 23:00",13.57
"15/5/2024 0:00",13.13
"15/5/2024 1:00",22.78
"15/5/2024 2:00",22.98
"15/5/2024 3:00",22.71
"15/5/2024 4:00",23.24
"15/5/2024 5:00",23.71
"15/5/2024 6:00",24.88
"15/5/2024 7:00",20.85
"15/5/2024 8:00",16.47
"15/5/2024 9:00",12.73
"15/5/2024 10:00",8.01
"15/5/2024 11:00",8.96
"15/5/2024 12:00",6.45
"15/5/2024 13:00",5.47
"15/5/2024 14:00",5.41
"15/5/2024 15:00",7.16
"15/5/2024 16:00",8.48
"15/5/2024 17:00",8.73
"15/5/2024 18:00",10.66
"15/5/2024 19:00",11.14
"15/5/2024 20:00",22.29
"15/5/2024 21:00",38.64
"15/5/2024 22:00",49.99
"15/5/2024 23:00",51.04
"16/5/2024 0:00",49.58
"16/5/2024 1:00",42.79
"16/5/2024 2:00",41.25
"16/5/2024 3:00",39.52
"16/5/2024 4:00",37.25
"16/5/2024 5:00",33.12
"16/5/2024 6:00",31.52
"16/5/2024 7:00",32.76
"16/5/2024 8:00",34.3
"16/5/2024 9:00",34.08
"16/5/2024 10:00",30.57
"16/5/2024 11:00",27.26
"16/5/2024 12:00",24.21
"16/5/2024 13:00",21.58
"16/5/2024 14:00",19.02
"16/5/2024 15:00",17.16
"16/5/2024 16:00",17.05
"16/5/2024 17:00",19.26
"16/5/2024 18:00",20.78
"16/5/2024 19:00",19.58
"16/5/2024 20:00",13.71
"16/5/2024 21:00",14.81
"16/5/2024 22:00",20.32
"16/5/2024 23:00",19.41
"17/5/2024 0:00",18.04
"17/5/2024 1:00",18.34
"17/5/2024 2:00",21.76
"17/5/2024 3:00",22.79
"17/5/2024 4:00",24.45
"17/5/2024 5:00",29.1
"17/5/2024 6:00",30.59
"17/5/2024 7:00",27.91
"17/5/2024 8:00",19.61
"17/5/2024 9:00",16.24
"17/5/2024 10:00",12.7
"17/5/2024 11:00",9.91
"17/5/2024 12:00",9.31
"17/5/2024 13:00",8.31
"17/5/2024 14:00",7.47
"17/5/2024 15:00",10.95
"17/5/2024 16:00",13.37
"17/5/2024 17:00",15.67
"17/5/2024 18:00",14.92
"17/5/2024 19:00",16.85
"17/5/2024 20:00",21.4
"17/5/2024 21:00",24.02
"17/5/2024 22:00",29.37
"17/5/2024 23:00",33.62
"18/5/2024 0:00",38.21
"18/5/2024 1:00",27.53
"18/5/2024 2:00",27.51
"18/5/2024 3:00",27.53
"18/5/2024 4:00",25.73
"18/5/2024 5:00",22.05
"18/5/2024 6:00",20.22
"18/5/2024 7:00",16.93
"18/5/2024 8:00",13.12
"18/5/2024 9:00",11.63
"18/5/2024 10:00",10.89
"18/5/2024 11:00",11.31
"18/5/2024 12:00",10.35
"18/5/2024 13:00",9.92
"18/5/2024 14:00",9.38
"18/5/2024 15:00",8.16
"18/5/2024 16:00",7.02
"18/5/2024 17:00",7.23
"18/5/2024 18:00",9.05
"18/5/2024 19:00",10.03
"18/5/2024 20:00",11.42
"18/5/2024 21:00",13.02
"18/5/2024 22:00",10.05
"18/5/2024 23:00",7.64
"19/5/2024 0:00",8.5
"19/5/2024 1:00",8.06
"19/5/2024 2:00",9.29
"19/5/2024 3:00",7.02
"19/5/2024 4:00",5.84
"19/5/2024 5:00",5.76
"19/5/2024 6:00",5.09
"19/5/2024 7:00",5.5
"19/5/2024 8:00",6.87
"19/5/2024 9:00",8.27
"19/5/2024 10:00",7.72
"19/5/2024 11:00",6.55
"19/5/2024 12:00",5.31
"19/5/2024 13:00",4.51
"19/5/2024 14:00",4.2
"19/5/2024 15:00",4.61
"19/5/2024 16:00",7.04
"19/5/2024 17:00",8.47
"19/5/2024 18:00",8.83
"19/5/2024 19:00",9.65
"19/5/2024 20:00",12.68
"19/5/2024 21:00",15.22
"19/5/2024 22:00",15.11
"19/5/2024 23:00",14.85
"20/5/2024 0:00",13.08
"20/5/2024 1:00",12.99
"20/5/2024 2:00",12.56
"20/5/2024 3:00",11.53
"20/5/2024 4:00",10.62
"20/5/2024 5:00",10.17
"20/5/2024 6:00",9.91
"20/5/2024 7:00",9.33
"20/5/2024 8:00",9.08
"20/5/2024 9:00",8.93
"20/5/2024 10:00",9.24
"20/5/2024 11:00",7.53
"20/5/2024 12:00",5.48
"20/5/2024 13:00",6.46
"20/5/2024 14:00",7.96
"20/5/2024 15:00",11.34
"20/5/2024 16:00",13.06
"20/5/2024 17:00",16.78
"20/5/2024 18:00",18.8
"20/5/2024 19:00",18.67
"20/5/2024 20:00",21.77
"20/5/2024 21:00",22.28
"20/5/2024 22:00",19.85
"20/5/2024 23:00",17.17
"21/5/2024 0:00",13.29
"21/5/2024 1:00",5.62
"21/5/2024 2:00",4.22
"21/5/2024 3:00",4.3
"21/5/2024 4:00",3.43
"21/5/2024 5:00",4.44
"21/5/2024 6:00",6.33
"21/5/2024 7:00",6.62
"21/5/2024 8:00",7.57
"21/5/2024 9:00",6.34
"21/5/2024 10:00",5.4
"21/5/2024 11:00",4.63
"21/5/2024 12:00",11.92
"21/5/2024 13:00",13.82
"21/5/2024 14:00",14.13
"21/5/2024 15:00",22.45
"21/5/2024 16:00",26.4
"21/5/2024 17:00",24.08
"21/5/2024 18:00",22.25
"21/5/2024 19:00",20.54
"21/5/2024 20:00",17.2
"21/5/2024 21:00",17.56
"21/5/2024 22:00",13.97
"21/5/2024 23:00",14.68
"22/5/2024 0:00",16.53
"22/5/2024 1:00",15.49
"22/5/2024 2:00",14.96
"22/5/2024 3:00",14.39
"22/5/2024 4:00",12.98
"22/5/2024 5:00",13.52
"22/5/2024 6:00",14.39
"22/5/2024 7:00",15.12
"22/5/2024 8:00",17.93
"22/5/2024 9:00",16.5
"22/5/2024 10:00",12.5
"22/5/2024 11:00",10.21
"22/5/2024 12:00",7.84
"22/5/2024 13:00",8.12
"22/5/2024 14:00",7.35
"22/5/2024 15:00",7.34
"22/5/2024 16:00",8.34
"22/5/2024 17:00",8.16
"22/5/2024 18:00",9.02
"22/5/2024 19:00",9.36
"22/5/2024 20:00",9.24
"22/5/2024 21:00",8.57
"22/5/2024 22:00",10.01
"22/5/2024 23:00",10.16
"23/5/2024 0:00",10.95
"23/5/2024 1:00",3.83
"23/5/2024 2:00",5.38
"23/5/2024 3:00",5.69
"23/5/2024 4:00",5.27
"23/5/2024 5:00",6.24
"23/5/2024 6:00",7.18
"23/5/2024 7:00",7.91
"23/5/2024 8:00",8.02
"23/5/2024 9:00",7.36
"23/5/2024 10:00",7.3
"23/5/2024 11:00",7.59
"23/5/2024 12:00",6.89
"23/5/2024 13:00",6.17
"23/5/2024 14:00",5.43
"23/5/2024 15:00",4.53
"23/5/2024 16:00",4.47
"23/5/2024 17:00",5.57
"23/5/2024 18:00",6.61
"23/5/2024 19:00",8.13
"23/5/2024 20:00",9.34
"23/5/2024 21:00",10.7
"23/5/2024 22:00",11.19
"23/5/2024 23:00",10.65
"24/5/2024 0:00",13.39
"24/5/2024 1:00",20.2
"24/5/2024 2:00",18.66
"24/5/2024 3:00",16.29
"24/5/2024 4:00",17.08
"24/5/2024 5:00",22.25
"24/5/2024 6:00",22.38
"24/5/2024 7:00",16.2
"24/5/2024 8:00",10.94
"24/5/2024 9:00",7.99
"24/5/2024 10:00",8.02
"24/5/2024 11:00",8.81
"24/5/2024 12:00",8.14
"24/5/2024 13:00",8.26
"24/5/2024 14:00",7.46
"24/5/2024 15:00",7.34
"24/5/2024 16:00",6.49
"24/5/2024 17:00",9.15
"24/5/2024 18:00",12.3
"24/5/2024 19:00",14.76
"24/5/2024 20:00",15.26
"24/5/2024 21:00",19.55
"24/5/2024 22:00",24.7
"24/5/2024 23:00",21.58
"25/5/2024 0:00",26.04
"25/5/2024 1:00",20.07
"25/5/2024 2:00",21.78
"25/5/2024 3:00",23.58
"25/5/2024 4:00",24.58
"25/5/2024 5:00",25.01
"25/5/2024 6:00",24.15
"25/5/2024 7:00",20.94
"25/5/2024 8:00",17.26
"25/5/2024 9:00",13.03
"25/5/2024 10:00",11.89
"25/5/2024 11:00",10.2
"25/5/2024 12:00",8.57
"25/5/2024 13:00",7.64
"25/5/2024 14:00",6.57
"25/5/2024 15:00",5.48
"25/5/2024 16:00",4.52
"25/5/2024 17:00",4.52
"25/5/2024 18:00",5.38
"25/5/2024 19:00",6.58
"25/5/2024 20:00",8.81
"25/5/2024 21:00",10.81
"25/5/2024 22:00",12.15
"25/5/2024 23:00",12.75
"26/5/2024 0:00",12.79
"26/5/2024 1:00",4.52
"26/5/2024 2:00",5.56
"26/5/2024 3:00",6.8
"26/5/2024 4:00",7
"26/5/2024 5:00",7.22
"26/5/2024 6:00",6.8
"26/5/2024 7:00",6.66
"26/5/2024 8:00",6.38
"26/5/2024 9:00",5.45
"26/5/2024 10:00",4.33
"26/5/2024 11:00",2.37
"26/5/2024 12:00",2.04
"26/5/2024 13:00",1.77
"26/5/2024 14:00",1.99
"26/5/2024 15:00",2.56
"26/5/2024 16:00",2.39
"26/5/2024 17:00",2.68
"26/5/2024 18:00",3.56
"26/5/2024 19:00",4.4
"26/5/2024 20:00",5.37
"26/5/2024 21:00",5.59
"26/5/2024 22:00",5.59
"26/5/2024 23:00",6.07
"27/5/2024 0:00",6.3
"27/5/2024 1:00",3.71
"27/5/2024 2:00",3.17
"27/5/2024 3:00",2.87
"27/5/2024 4:00",2.58
"27/5/2024 5:00",2.65
"27/5/2024 6:00",2.65
"27/5/2024 7:00",3.1
"27/5/2024 8:00",3.04
"27/5/2024 9:00",2.67
"27/5/2024 10:00",2.45
"27/5/2024 11:00",2.44
"27/5/2024 12:00",3.22
"27/5/2024 13:00",3.17
"27/5/2024 14:00",5.29
"27/5/2024 15:00",7.22
"27/5/2024 16:00",6.22
"27/5/2024 17:00",6.06
"27/5/2024 18:00",4.92
"27/5/2024 19:00",4.85
"27/5/2024 20:00",5.24
"27/5/2024 21:00",5.52
"27/5/2024 22:00",5.58
"27/5/2024 23:00",5.25
"28/5/2024 0:00",4.79
"28/5/2024 1:00",9.1
"28/5/2024 2:00",9.18
"28/5/2024 3:00",9.13
"28/5/2024 4:00",8.47
"28/5/2024 5:00",8.22
"28/5/2024 6:00",6.74
"28/5/2024 7:00",5.66
"28/5/2024 8:00",5.8
"28/5/2024 9:00",6.22
"28/5/2024 10:00",7.13
"28/5/2024 11:00",7.77
"28/5/2024 12:00",7.03
"28/5/2024 13:00",6.46
"28/5/2024 14:00",5.08
"28/5/2024 15:00",6.6
"28/5/2024 16:00",7.34
"28/5/2024 17:00",7.12
"28/5/2024 18:00",6.72
"28/5/2024 19:00",6.81
"28/5/2024 20:00",6.97
"28/5/2024 21:00",6.63
"28/5/2024 22:00",5.99
"28/5/2024 23:00",5.9
"29/5/2024 0:00",4.12
"29/5/2024 1:00",1.64
"29/5/2024 2:00",1.45
"29/5/2024 3:00",1.87
"29/5/2024 4:00",3.28
"29/5/2024 5:00",3.1
"29/5/2024 6:00",4
"29/5/2024 7:00",4.48
"29/5/2024 8:00",4.24
"29/5/2024 9:00",4.06
"29/5/2024 10:00",4.59
"29/5/2024 11:00",4.57
"29/5/2024 12:00",4.43
"29/5/2024 13:00",4.38
"29/5/2024 14:00",4.82
"29/5/2024 15:00",5.18
"29/5/2024 16:00",5.51
"29/5/2024 17:00",5.38
"29/5/2024 18:00",6.36
"29/5/2024 19:00",7.48
"29/5/2024 20:00",7.77
"29/5/2024 21:00",8.03
"29/5/2024 22:00",8.28
"29/5/2024 23:00",9.23
"30/5/2024 0:00",8.71
"30/5/2024 1:00",16.89
"30/5/2024 2:00",17.13
"30/5/2024 3:00",16.52
"30/5/2024 4:00",16.97
"30/5/2024 5:00",16.09
"30/5/2024 6:00",16.28
"30/5/2024 7:00",15.87
"30/5/2024 8:00",15.35
"30/5/2024 9:00",13.2
"30/5/2024 10:00",9.66
"30/5/2024 11:00",12.51
"30/5/2024 12:00",16.48
"30/5/2024 13:00",15.06
"30/5/2024 14:00",9.24
"30/5/2024 15:00",6.99
"30/5/2024 16:00",15.33
"30/5/2024 17:00",19.4
"30/5/2024 18:00",14.23
"30/5/2024 19:00",17.36
"30/5/2024 20:00",15.76
"30/5/2024 21:00",12.83
"30/5/2024 22:00",15.23
"30/5/2024 23:00",12.28
"31/5/2024 0:00",9.95
"31/5/2024 1:00",3.55
"31/5/2024 2:00",3.52
"31/5/2024 3:00",3.09
"31/5/2024 4:00",3.69
"31/5/2024 5:00",3.72
"31/5/2024 6:00",3.45
"31/5/2024 7:00",3.15
"31/5/2024 8:00",3.86
"31/5/2024 9:00",7.05
"31/5/2024 10:00",7.14
"31/5/2024 11:00",5.98
"31/5/2024 12:00",7.05
"31/5/2024 13:00",7.14
"31/5/2024 14:00",8.12
"31/5/2024 15:00",6.8
"31/5/2024 16:00",5.98
"31/5/2024 17:00",5.93
"31/5/2024 18:00",6.05
"31/5/2024 19:00",4.99
"31/5/2024 20:00",4.76
"31/5/2024 21:00",5.6
"31/5/2024 22:00",5.6
"31/5/2024 23:00",4.92
"1/6/2024 0:00",6.24
"1/6/2024 1:00",7.51
"1/6/2024 2:00",8.43
"1/6/2024 3:00",8.47
"1/6/2024 4:00",7.65
"1/6/2024 5:00",6.93
"1/6/2024 6:00",6.62
"1/6/2024 7:00",6.8
"1/6/2024 8:00",6.87
"1/6/2024 9:00",5.6
"1/6/2024 10:00",5.13
"1/6/2024 11:00",5.06
"1/6/2024 12:00",4.99
"1/6/2024 13:00",4.88
"1/6/2024 14:00",3.38
"1/6/2024 15:00",3.52
"1/6/2024 16:00",4.45
"1/6/2024 17:00",5.46
"1/6/2024 18:00",5.55
"1/6/2024 19:00",5.27
"1/6/2024 20:00",5.81
"1/6/2024 21:00",6.36
"1/6/2024 22:00",5.13
"1/6/2024 23:00",4.06
"2/6/2024 0:00",3.42
"2/6/2024 1:00",11.06
"2/6/2024 2:00",9.19
"2/6/2024 3:00",7.26
"2/6/2024 4:00",6.44
"2/6/2024 5:00",7.51
"2/6/2024 6:00",11.74
"2/6/2024 7:00",11.98
"2/6/2024 8:00",12.92
"2/6/2024 9:00",13.49
"2/6/2024 10:00",12.35
"2/6/2024 11:00",10.82
"2/6/2024 12:00",9.79
"2/6/2024 13:00",8.55
"2/6/2024 14:00",6.71
"2/6/2024 15:00",5.01
"2/6/2024 16:00",3.91
"2/6/2024 17:00",3.97
"2/6/2024 18:00",6.67
"2/6/2024 19:00",12.22
"2/6/2024 20:00",18.16
"2/6/2024 21:00",34.45
"2/6/2024 22:00",38.26
"2/6/2024 23:00",42.25
"3/6/2024 0:00",35.56
"3/6/2024 1:00",17.2
"3/6/2024 2:00",16.65
"3/6/2024 3:00",16.72
"3/6/2024 4:00",17.87
"3/6/2024 5:00",19.2
"3/6/2024 6:00",18.53
"3/6/2024 7:00",17.26
"3/6/2024 8:00",16.46
"3/6/2024 9:00",14.37
"3/6/2024 10:00",13.31
"3/6/2024 11:00",12.3
"3/6/2024 12:00",12.56
"3/6/2024 13:00",11.8
"3/6/2024 14:00",10.31
"3/6/2024 15:00",10.45
"3/6/2024 16:00",7.44
"3/6/2024 17:00",7.83
"3/6/2024 18:00",9.74
"3/6/2024 19:00",11.56
"3/6/2024 20:00",13.13
"3/6/2024 21:00",17.13
"3/6/2024 22:00",21.88
"3/6/2024 23:00",24.88
"4/6/2024 0:00",25.98
"4/6/2024 1:00",21.32
"4/6/2024 2:00",20.43
"4/6/2024 3:00",20.95
"4/6/2024 4:00",20.41
"4/6/2024 5:00",20.05
"4/6/2024 6:00",20.64
"4/6/2024 7:00",19.93
"4/6/2024 8:00",18.66
"4/6/2024 9:00",17.49
"4/6/2024 10:00",14.11
"4/6/2024 11:00",9.17
"4/6/2024 12:00",8.08
"4/6/2024 13:00",7.86
"4/6/2024 14:00",5.93
"4/6/2024 15:00",6.99
"4/6/2024 16:00",10.44
"4/6/2024 17:00",11.4
"4/6/2024 18:00",11.82
"4/6/2024 19:00",9.94
"4/6/2024 20:00",7.86
"4/6/2024 21:00",7.11
"4/6/2024 22:00",6.01
"4/6/2024 23:00",7.01
"5/6/2024 0:00",8
"5/6/2024 1:00",9.43
"5/6/2024 2:00",13.71
"5/6/2024 3:00",16.36
"5/6/2024 4:00",20.09
"5/6/2024 5:00",23.86
"5/6/2024 6:00",20.22
"5/6/2024 7:00",13.37
"5/6/2024 8:00",10.88
"5/6/2024 9:00",9.48
"5/6/2024 10:00",6.95
"5/6/2024 11:00",6.88
"5/6/2024 12:00",6.13
"5/6/2024 13:00",6
"5/6/2024 14:00",6.4
"5/6/2024 15:00",7.77
"5/6/2024 16:00",7.07
"5/6/2024 17:00",7.05
"5/6/2024 18:00",7.42
"5/6/2024 19:00",7.59
"5/6/2024 20:00",8.92
"5/6/2024 21:00",11.59
"5/6/2024 22:00",16.44
"5/6/2024 23:00",17.82
"6/6/2024 0:00",16.66
"6/6/2024 1:00",13.6
"6/6/2024 2:00",13.83
"6/6/2024 3:00",14.19
"6/6/2024 4:00",14.51
"6/6/2024 5:00",14.6
"6/6/2024 6:00",14.74
"6/6/2024 7:00",14.06
"6/6/2024 8:00",13.47
"6/6/2024 9:00",10.68
"6/6/2024 10:00",9.06
"6/6/2024 11:00",8.93
"6/6/2024 12:00",7.59
"6/6/2024 13:00",8.65
"6/6/2024 14:00",8.27
"6/6/2024 15:00",9.31
"6/6/2024 16:00",9
"6/6/2024 17:00",9
"6/6/2024 18:00",9.38
"6/6/2024 19:00",9.78
"6/6/2024 20:00",10.06
"6/6/2024 21:00",10.79
"6/6/2024 22:00",14.24
"6/6/2024 23:00",12.32
"7/6/2024 0:00",12.85
"7/6/2024 1:00",13.86
"7/6/2024 2:00",14.9
"7/6/2024 3:00",15.39
"7/6/2024 4:00",17.1
"7/6/2024 5:00",17.72
"7/6/2024 6:00",16.45
"7/6/2024 7:00",14.92
"7/6/2024 8:00",12.99
"7/6/2024 9:00",10.48
"7/6/2024 10:00",7.98
"7/6/2024 11:00",6.58
"7/6/2024 12:00",6.69
"7/6/2024 13:00",6.44
"7/6/2024 14:00",6.08
"7/6/2024 15:00",5.75
"7/6/2024 16:00",6.41
"7/6/2024 17:00",7.5
"7/6/2024 18:00",8.01
"7/6/2024 19:00",8.69
"7/6/2024 20:00",8.89
"7/6/2024 21:00",9.48
"7/6/2024 22:00",10.12
"7/6/2024 23:00",10.48
"8/6/2024 0:00",9.3
"8/6/2024 1:00",4.42
"8/6/2024 2:00",4.76
"8/6/2024 3:00",4.9
"8/6/2024 4:00",4.91
"8/6/2024 5:00",5.12
"8/6/2024 6:00",5.23
"8/6/2024 7:00",5.16
"8/6/2024 8:00",5.84
"8/6/2024 9:00",6.65
"8/6/2024 10:00",6.87
"8/6/2024 11:00",6.89
"8/6/2024 12:00",8.03
"8/6/2024 13:00",8.19
"8/6/2024 14:00",7.67
"8/6/2024 15:00",7.19
"8/6/2024 16:00",6.25
"8/6/2024 17:00",6.6
"8/6/2024 18:00",7.05
"8/6/2024 19:00",7.88
"8/6/2024 20:00",8.66
"8/6/2024 21:00",10.05
"8/6/2024 22:00",11
"8/6/2024 23:00",11.24
"9/6/2024 0:00",11.07
"9/6/2024 1:00",13.62
"9/6/2024 2:00",14.72
"9/6/2024 3:00",18.88
"9/6/2024 4:00",22.27
"9/6/2024 5:00",21.5
"9/6/2024 6:00",18.91
"9/6/2024 7:00",15.03
"9/6/2024 8:00",9.7
"9/6/2024 9:00",6.83
"9/6/2024 10:00",5.55
"9/6/2024 11:00",5.63
"9/6/2024 12:00",4.88
"9/6/2024 13:00",5.1
"9/6/2024 14:00",6.88
"9/6/2024 15:00",7.06
"9/6/2024 16:00",8.15
"9/6/2024 17:00",8.24
"9/6/2024 18:00",9.38
"9/6/2024 19:00",10.43
"9/6/2024 20:00",10.92
"9/6/2024 21:00",11.31
"9/6/2024 22:00",13.79
"9/6/2024 23:00",12.96
"10/6/2024 0:00",10.89
"10/6/2024 1:00",8.37
"10/6/2024 2:00",4.41
"10/6/2024 3:00",4.5
"10/6/2024 4:00",4.97
"10/6/2024 5:00",8.47
"10/6/2024 6:00",7.27
"10/6/2024 7:00",9.3
"10/6/2024 8:00",9.14
"10/6/2024 9:00",6.22
"10/6/2024 10:00",3.35
"10/6/2024 11:00",6.24
"10/6/2024 12:00",8.27
"10/6/2024 13:00",8.74
"10/6/2024 14:00",10.69
"10/6/2024 15:00",10.19
"10/6/2024 16:00",12.26
"10/6/2024 17:00",11.07
"10/6/2024 18:00",8.96
"10/6/2024 19:00",10.1
"10/6/2024 20:00",14.52
"10/6/2024 21:00",22.83
"10/6/2024 22:00",30.22
"10/6/2024 23:00",37.5
"11/6/2024 0:00",38.09
"11/6/2024 1:00",24.76
"11/6/2024 2:00",23.05
"11/6/2024 3:00",21.25
"11/6/2024 4:00",20.51
"11/6/2024 5:00",19.77
"11/6/2024 6:00",18.05
"11/6/2024 7:00",17.83
"11/6/2024 8:00",15.13
"11/6/2024 9:00",11.71
"11/6/2024 10:00",7.86
"11/6/2024 11:00",8.69
"11/6/2024 12:00",10.01
"11/6/2024 13:00",9.51
"11/6/2024 14:00",9.43
"11/6/2024 15:00",11.05
"11/6/2024 16:00",11.38
"11/6/2024 17:00",10.44
"11/6/2024 18:00",11.97
"11/6/2024 19:00",13.17
"11/6/2024 20:00",13.34
"11/6/2024 21:00",15.14
"11/6/2024 22:00",17.95
"11/6/2024 23:00",19.54
"12/6/2024 0:00",22.79
"12/6/2024 1:00",44.86
"12/6/2024 2:00",45.11
"12/6/2024 3:00",46.44
"12/6/2024 4:00",46.21
"12/6/2024 5:00",46.21
"12/6/2024 6:00",44.81
"12/6/2024 7:00",41.09
"12/6/2024 8:00",35.42
"12/6/2024 9:00",25.98
"12/6/2024 10:00",23.35
"12/6/2024 11:00",23.97
"12/6/2024 12:00",23.99
"12/6/2024 13:00",22.03
"12/6/2024 14:00",21.64
"12/6/2024 15:00",22.37
"12/6/2024 16:00",17.85
"12/6/2024 17:00",17.06
"12/6/2024 18:00",17.08
"12/6/2024 19:00",18.77
"12/6/2024 20:00",20.37
"12/6/2024 21:00",21.69
"12/6/2024 22:00",23.68
"12/6/2024 23:00",28.49
"13/6/2024 0:00",35.72
"13/6/2024 1:00",19.68
"13/6/2024 2:00",16.91
"13/6/2024 3:00",17.41
"13/6/2024 4:00",19.5
"13/6/2024 5:00",20.5
"13/6/2024 6:00",19.25
"13/6/2024 7:00",18.14
"13/6/2024 8:00",13.27
"13/6/2024 9:00",7.99
"13/6/2024 10:00",7.89
"13/6/2024 11:00",6.82
"13/6/2024 12:00",6.49
"13/6/2024 13:00",7.52
"13/6/2024 14:00",6.75
"13/6/2024 15:00",7.16
"13/6/2024 16:00",6.47
"13/6/2024 17:00",6.73
"13/6/2024 18:00",7.87
"13/6/2024 19:00",8.1
"13/6/2024 20:00",7.17
"13/6/2024 21:00",3.78
"13/6/2024 22:00",6.69
"13/6/2024 23:00",8.36
"14/6/2024 0:00",8.85
"14/6/2024 1:00",3.6
"14/6/2024 2:00",4.88
"14/6/2024 3:00",6.85
"14/6/2024 4:00",8.87
"14/6/2024 5:00",7.37
"14/6/2024 6:00",9.51
"14/6/2024 7:00",10.1
"14/6/2024 8:00",9.7
"14/6/2024 9:00",9.67
"14/6/2024 10:00",9.31
"14/6/2024 11:00",7.26
"14/6/2024 12:00",7.09
"14/6/2024 13:00",6.28
"14/6/2024 14:00",6.13
"14/6/2024 15:00",6.02
"14/6/2024 16:00",5.61
"14/6/2024 17:00",6.92
"14/6/2024 18:00",7.83
"14/6/2024 19:00",8.61
"14/6/2024 20:00",7.7
"14/6/2024 21:00",7.31
"14/6/2024 22:00",8.97
"14/6/2024 23:00",7.79
"15/6/2024 0:00",6.01
"15/6/2024 1:00",5.69
"15/6/2024 2:00",3.94
"15/6/2024 3:00",3.42
"15/6/2024 4:00",3.27
"15/6/2024 5:00",3.52
"15/6/2024 6:00",4.89
"15/6/2024 7:00",5.16
"15/6/2024 8:00",5.17
"15/6/2024 9:00",6.4
"15/6/2024 10:00",7.01
"15/6/2024 11:00",5.66
"15/6/2024 12:00",4.76
"15/6/2024 13:00",4.59
"15/6/2024 14:00",3.42
"15/6/2024 15:00",4.87
"15/6/2024 16:00",4.72
"15/6/2024 17:00",5.89
"15/6/2024 18:00",6.9
"15/6/2024 19:00",7.33
"15/6/2024 20:00",6.67
"15/6/2024 21:00",5.8
"15/6/2024 22:00",4.89
"15/6/2024 23:00",5.37
"16/6/2024 0:00",5.9
"16/6/2024 1:00",7.28
"16/6/2024 2:00",6.48
"16/6/2024 3:00",6.64
"16/6/2024 4:00",7.59
"16/6/2024 5:00",6.91
"16/6/2024 6:00",7.42
"16/6/2024 7:00",7.18
"16/6/2024 8:00",5.1
"16/6/2024 9:00",5.12
"16/6/2024 10:00",6.22
"16/6/2024 11:00",6.11
"16/6/2024 12:00",4.6
"16/6/2024 13:00",3.46
"16/6/2024 14:00",3.89
"16/6/2024 15:00",3.99
"16/6/2024 16:00",3.86
"16/6/2024 17:00",6.26
"16/6/2024 18:00",6.28
"16/6/2024 19:00",5.7
"16/6/2024 20:00",6.74
"16/6/2024 21:00",7.85
"16/6/2024 22:00",9.21
"16/6/2024 23:00",8.91
"17/6/2024 0:00",8.69
"17/6/2024 1:00",12.05
"17/6/2024 2:00",13.42
"17/6/2024 3:00",14.58
"17/6/2024 4:00",15.5
"17/6/2024 5:00",17.15
"17/6/2024 6:00",16.58
"17/6/2024 7:00",14.02
"17/6/2024 8:00",12.55
"17/6/2024 9:00",9.62
"17/6/2024 10:00",9.37
"17/6/2024 11:00",8.82
"17/6/2024 12:00",8.48
"17/6/2024 13:00",7
"17/6/2024 14:00",6.46
"17/6/2024 15:00",5.31
"17/6/2024 16:00",4.54
"17/6/2024 17:00",5.08
"17/6/2024 18:00",5.05
"17/6/2024 19:00",7.88
"17/6/2024 20:00",11.47
"17/6/2024 21:00",13.21
"17/6/2024 22:00",14.95
"17/6/2024 23:00",18.38
"18/6/2024 0:00",21.59
"18/6/2024 1:00",19.48
"18/6/2024 2:00",21.34
"18/6/2024 3:00",22.99
"18/6/2024 4:00",24.35
"18/6/2024 5:00",22.69
"18/6/2024 6:00",18.52
"18/6/2024 7:00",17.96
"18/6/2024 8:00",17.62
"18/6/2024 9:00",15.47
"18/6/2024 10:00",12.41
"18/6/2024 11:00",8.89
"18/6/2024 12:00",7.83
"18/6/2024 13:00",6.36
"18/6/2024 14:00",7.93
"18/6/2024 15:00",10.62
"18/6/2024 16:00",9.94
"18/6/2024 17:00",9.96
"18/6/2024 18:00",10.19
"18/6/2024 19:00",10.09
"18/6/2024 20:00",10.85
"18/6/2024 21:00",12.09
"18/6/2024 22:00",15.82
"18/6/2024 23:00",16.71
"19/6/2024 0:00",16.21
"19/6/2024 1:00",5.7
"19/6/2024 2:00",4.69
"19/6/2024 3:00",6.13
"19/6/2024 4:00",5.94
"19/6/2024 5:00",5.21
"19/6/2024 6:00",5.93
"19/6/2024 7:00",5.57
"19/6/2024 8:00",6.74
"19/6/2024 9:00",7.36
"19/6/2024 10:00",7.87
"19/6/2024 11:00",7.32
"19/6/2024 12:00",7.66
"19/6/2024 13:00",7.47
"19/6/2024 14:00",7.57
"19/6/2024 15:00",7.79
"19/6/2024 16:00",7.88
"19/6/2024 17:00",7.72
"19/6/2024 18:00",7.8
"19/6/2024 19:00",8.95
"19/6/2024 20:00",10.78
"19/6/2024 21:00",11.67
"19/6/2024 22:00",14.41
"19/6/2024 23:00",13.99
"20/6/2024 0:00",14.95
"20/6/2024 1:00",23.14
"20/6/2024 2:00",23.21
"20/6/2024 3:00",24.15
"20/6/2024 4:00",24.26
"20/6/2024 5:00",24.69
"20/6/2024 6:00",22.65
"20/6/2024 7:00",20.89
"20/6/2024 8:00",18.46
"20/6/2024 9:00",15.26
"20/6/2024 10:00",12.6
"20/6/2024 11:00",9.57
"20/6/2024 12:00",11.27
"20/6/2024 13:00",13.35
"20/6/2024 14:00",12.84
"20/6/2024 15:00",9.28
"20/6/2024 16:00",11.11
"20/6/2024 17:00",14.88
"20/6/2024 18:00",16.99
"20/6/2024 19:00",21.45
"20/6/2024 20:00",22.27
"20/6/2024 21:00",23.88
"20/6/2024 22:00",23.91
"20/6/2024 23:00",28.35
"21/6/2024 0:00",27.24
"21/6/2024 1:00",19.53
"21/6/2024 2:00",21.54
"21/6/2024 3:00",23.15
"21/6/2024 4:00",24.33
"21/6/2024 5:00",24.28
"21/6/2024 6:00",22.43
"21/6/2024 7:00",19.2
"21/6/2024 8:00",16.51
"21/6/2024 9:00",13.42
"21/6/2024 10:00",10.28
"21/6/2024 11:00",8.71
"21/6/2024 12:00",7.41
"21/6/2024 13:00",5.55
"21/6/2024 14:00",5.71
"21/6/2024 15:00",5.5
"21/6/2024 16:00",4.68
"21/6/2024 17:00",4.86
"21/6/2024 18:00",5.73
"21/6/2024 19:00",6.96
"21/6/2024 20:00",8.5
"21/6/2024 21:00",10.24
"21/6/2024 22:00",12.22
"21/6/2024 23:00",13.32
"22/6/2024 0:00",14.45
"22/6/2024 1:00",4.72
"22/6/2024 2:00",4.79
"22/6/2024 3:00",5.4
"22/6/2024 4:00",5.4
"22/6/2024 5:00",5.44
"22/6/2024 6:00",3.82
"22/6/2024 7:00",4.01
"22/6/2024 8:00",6.05
"22/6/2024 9:00",6.89
"22/6/2024 10:00",7.27
"22/6/2024 11:00",8.25
"22/6/2024 12:00",7.84
"22/6/2024 13:00",8.03
"22/6/2024 14:00",8.31
"22/6/2024 15:00",7.92
"22/6/2024 16:00",7.57
"22/6/2024 17:00",7.33
"22/6/2024 18:00",8.08
"22/6/2024 19:00",8.69
"22/6/2024 20:00",10.28
"22/6/2024 21:00",11.79
"22/6/2024 22:00",13.69
"22/6/2024 23:00",15.35
"23/6/2024 0:00",15.15
"23/6/2024 1:00",9.21
"23/6/2024 2:00",9.36
"23/6/2024 3:00",9.38
"23/6/2024 4:00",9.43
"23/6/2024 5:00",9.94
"23/6/2024 6:00",9.81
"23/6/2024 7:00",9.3
"23/6/2024 8:00",8.32
"23/6/2024 9:00",7.38
"23/6/2024 10:00",6.49
"23/6/2024 11:00",5.87
"23/6/2024 12:00",5.41
"23/6/2024 13:00",5.29
"23/6/2024 14:00",5.73
"23/6/2024 15:00",6.09
"23/6/2024 16:00",6.1
"23/6/2024 17:00",5.99
"23/6/2024 18:00",6.22
"23/6/2024 19:00",7.25
"23/6/2024 20:00",7.56
"23/6/2024 21:00",7.79
"23/6/2024 22:00",7.63
"23/6/2024 23:00",8.7
"24/6/2024 0:00",8.81
"24/6/2024 1:00",32.72
"24/6/2024 2:00",36.5
"24/6/2024 3:00",40.12
"24/6/2024 4:00",41.3
"24/6/2024 5:00",42.64
"24/6/2024 6:00",43.69
"24/6/2024 7:00",43.45
"24/6/2024 8:00",38.43
"24/6/2024 9:00",31.44
"24/6/2024 10:00",25.56
"24/6/2024 11:00",21.48
"24/6/2024 12:00",18.9
"24/6/2024 13:00",12.89
"24/6/2024 14:00",8.62
"24/6/2024 15:00",8.8
"24/6/2024 16:00",8.14
"24/6/2024 17:00",10.04
"24/6/2024 18:00",12.64
"24/6/2024 19:00",16.16
"24/6/2024 20:00",19.92
"24/6/2024 21:00",26.88
"24/6/2024 22:00",37.03
"24/6/2024 23:00",46.95
"25/6/2024 0:00",50.99
"25/6/2024 1:00",34.09
"25/6/2024 2:00",33.92
"25/6/2024 3:00",32.87
"25/6/2024 4:00",34.08
"25/6/2024 5:00",34.74
"25/6/2024 6:00",31.26
"25/6/2024 7:00",26.86
"25/6/2024 8:00",29.22
"25/6/2024 9:00",24.53
"25/6/2024 10:00",20.13
"25/6/2024 11:00",15.24
"25/6/2024 12:00",11.82
"25/6/2024 13:00",13.48
"25/6/2024 14:00",14.95
"25/6/2024 15:00",13.77
"25/6/2024 16:00",16.77
"25/6/2024 17:00",21.82
"25/6/2024 18:00",22.5
"25/6/2024 19:00",24.03
"25/6/2024 20:00",25.61
"25/6/2024 21:00",27.59
"25/6/2024 22:00",30.31
"25/6/2024 23:00",31.95
"26/6/2024 0:00",33.88
"26/6/2024 1:00",35.35
"26/6/2024 2:00",35.15
"26/6/2024 3:00",35.47
"26/6/2024 4:00",35.7
"26/6/2024 5:00",34.35
"26/6/2024 6:00",32.04
"26/6/2024 7:00",30.41
"26/6/2024 8:00",29.06
"26/6/2024 9:00",27.75
"26/6/2024 10:00",22.75
"26/6/2024 11:00",16.59
"26/6/2024 12:00",12.04
"26/6/2024 13:00",9.05
"26/6/2024 14:00",9.08
"26/6/2024 15:00",11.28
"26/6/2024 16:00",11.7
"26/6/2024 17:00",12.56
"26/6/2024 18:00",14.9
"26/6/2024 19:00",17.3
"26/6/2024 20:00",18.4
"26/6/2024 21:00",18.97
"26/6/2024 22:00",21.41
"26/6/2024 23:00",23.38
"27/6/2024 0:00",23.84
"27/6/2024 1:00",14.72
"27/6/2024 2:00",15.06
"27/6/2024 3:00",14.85
"27/6/2024 4:00",14.28
"27/6/2024 5:00",14.2
"27/6/2024 6:00",14.09
"27/6/2024 7:00",13.84
"27/6/2024 8:00",13.44
"27/6/2024 9:00",12.18
"27/6/2024 10:00",9.21
"27/6/2024 11:00",7.25
"27/6/2024 12:00",6.64
"27/6/2024 13:00",6.44
"27/6/2024 14:00",5.57
"27/6/2024 15:00",5.53
"27/6/2024 16:00",5.71
"27/6/2024 17:00",6.29
"27/6/2024 18:00",6.66
"27/6/2024 19:00",6.64
"27/6/2024 20:00",6.52
"27/6/2024 21:00",7.53
"27/6/2024 22:00",7.82
"27/6/2024 23:00",8.51
"28/6/2024 0:00",9.03
"28/6/2024 1:00",7.28
"28/6/2024 2:00",2.7
"28/6/2024 3:00",3.07
"28/6/2024 4:00",4
"28/6/2024 5:00",5.18
"28/6/2024 6:00",7.57
"28/6/2024 7:00",8.44
"28/6/2024 8:00",7.16
"28/6/2024 9:00",6.46
"28/6/2024 10:00",6.59
"28/6/2024 11:00",6.61
"28/6/2024 12:00",6.18
"28/6/2024 13:00",4.54
"28/6/2024 14:00",3.39
"28/6/2024 15:00",3.43
"28/6/2024 16:00",4.44
"28/6/2024 17:00",5.52
"28/6/2024 18:00",5.93
"28/6/2024 19:00",7.21
"28/6/2024 20:00",7.43
"28/6/2024 21:00",10.44
"28/6/2024 22:00",14.84
"28/6/2024 23:00",18.13
"29/6/2024 0:00",18.65
"29/6/2024 1:00",13.96
"29/6/2024 2:00",13.92
"29/6/2024 3:00",12.74
"29/6/2024 4:00",12.85
"29/6/2024 5:00",14.72
"29/6/2024 6:00",13.57
"29/6/2024 7:00",11.79
"29/6/2024 8:00",13.17
"29/6/2024 9:00",11.93
"29/6/2024 10:00",10.33
"29/6/2024 11:00",7.73
"29/6/2024 12:00",7.29
"29/6/2024 13:00",7.05
"29/6/2024 14:00",7.39
"29/6/2024 15:00",7.73
"29/6/2024 16:00",10.06
"29/6/2024 17:00",12.56
"29/6/2024 18:00",11.4
"29/6/2024 19:00",11.41
"29/6/2024 20:00",11.79
"29/6/2024 21:00",11.31
"29/6/2024 22:00",12.35
"29/6/2024 23:00",15.08
"30/6/2024 0:00",16.91
"30/6/2024 1:00",12.09
"30/6/2024 2:00",12.05
"30/6/2024 3:00",10.57
"30/6/2024 4:00",9.81
"30/6/2024 5:00",10.35
"30/6/2024 6:00",10.81
"30/6/2024 7:00",10.35
"30/6/2024 8:00",9.26
"30/6/2024 9:00",9.12
"30/6/2024 10:00",8.71
"30/6/2024 11:00",9.67
"30/6/2024 12:00",9.45
"30/6/2024 13:00",6.87
"30/6/2024 14:00",5.12
"30/6/2024 15:00",5.19
"30/6/2024 16:00",6.55
"30/6/2024 17:00",7.76
"30/6/2024 18:00",8.47
"30/6/2024 19:00",8.9
"30/6/2024 20:00",8.89
"30/6/2024 21:00",9.39
"30/6/2024 22:00",9.67
"30/6/2024 23:00",9.95
"1/7/2024 0:00",9.6
"1/7/2024 1:00",7.92
"1/7/2024 2:00",7.12
"1/7/2024 3:00",7.63
"1/7/2024 4:00",7.35
"1/7/2024 5:00",6.86
"1/7/2024 6:00",7.08
"1/7/2024 7:00",7.45
"1/7/2024 8:00",8.43
"1/7/2024 9:00",7.32
"1/7/2024 10:00",7.06
"1/7/2024 11:00",7.48
"1/7/2024 12:00",8.14
"1/7/2024 13:00",8.18
"1/7/2024 14:00",7.7
"1/7/2024 15:00",7.89
"1/7/2024 16:00",8.5
"1/7/2024 17:00",9.34
"1/7/2024 18:00",9.5
"1/7/2024 19:00",8.69
"1/7/2024 20:00",8.46
"1/7/2024 21:00",8.23
"1/7/2024 22:00",7.94
"1/7/2024 23:00",9.02
"2/7/2024 0:00",8.24
"2/7/2024 1:00",13.47
"2/7/2024 2:00",11.93
"2/7/2024 3:00",8.66
"2/7/2024 4:00",5.77
"2/7/2024 5:00",8.47
"2/7/2024 6:00",9.73
"2/7/2024 7:00",10.45
"2/7/2024 8:00",11.35
"2/7/2024 9:00",11.28
"2/7/2024 10:00",11.45
"2/7/2024 11:00",11.99
"2/7/2024 12:00",9.72
"2/7/2024 13:00",7.25
"2/7/2024 14:00",5.1
"2/7/2024 15:00",8.25
"2/7/2024 16:00",7.22
"2/7/2024 17:00",7.38
"2/7/2024 18:00",7.8
"2/7/2024 19:00",12.85
"2/7/2024 20:00",14.59
"2/7/2024 21:00",16.88
"2/7/2024 22:00",20.42
"2/7/2024 23:00",21.92
"3/7/2024 0:00",19.71
"3/7/2024 1:00",17.02
"3/7/2024 2:00",16.62
"3/7/2024 3:00",19.48
"3/7/2024 4:00",20.68
"3/7/2024 5:00",22.52
"3/7/2024 6:00",24.18
"3/7/2024 7:00",24.16
"3/7/2024 8:00",24.75
"3/7/2024 9:00",22.42
"3/7/2024 10:00",13.83
"3/7/2024 11:00",14.09
"3/7/2024 12:00",14.67
"3/7/2024 13:00",11.45
"3/7/2024 14:00",8.59
"3/7/2024 15:00",7.52
"3/7/2024 16:00",6.97
"3/7/2024 17:00",8.53
"3/7/2024 18:00",11.99
"3/7/2024 19:00",13.78
"3/7/2024 20:00",13.84
"3/7/2024 21:00",14.4
"3/7/2024 22:00",15.24
"3/7/2024 23:00",13.88
"4/7/2024 0:00",13.98
"4/7/2024 1:00",6.14
"4/7/2024 2:00",6.5
"4/7/2024 3:00",6.83
"4/7/2024 4:00",6.89
"4/7/2024 5:00",6.85
"4/7/2024 6:00",6.89
"4/7/2024 7:00",6.88
"4/7/2024 8:00",6.23
"4/7/2024 9:00",6.04
"4/7/2024 10:00",6.03
"4/7/2024 11:00",6.11
"4/7/2024 12:00",5.78
"4/7/2024 13:00",5.48
"4/7/2024 14:00",4.92
"4/7/2024 15:00",4.59
"4/7/2024 16:00",4.6
"4/7/2024 17:00",4.39
"4/7/2024 18:00",4.57
"4/7/2024 19:00",4.77
"4/7/2024 20:00",5.22
"4/7/2024 21:00",5.6
"4/7/2024 22:00",5.55
"4/7/2024 23:00",5.66
"5/7/2024 0:00",5.56
"5/7/2024 1:00",3.9
"5/7/2024 2:00",2.87
"5/7/2024 3:00",3.52
"5/7/2024 4:00",4.47
"5/7/2024 5:00",5.58
"5/7/2024 6:00",9.24
"5/7/2024 7:00",11.43
"5/7/2024 8:00",11.51
"5/7/2024 9:00",10.6
"5/7/2024 10:00",10.26
"5/7/2024 11:00",9.52
"5/7/2024 12:00",10.06
"5/7/2024 13:00",7.28
"5/7/2024 14:00",6.09
"5/7/2024 15:00",5.56
"5/7/2024 16:00",5.54
"5/7/2024 17:00",5.99
"5/7/2024 18:00",10.43
"5/7/2024 19:00",11.69
"5/7/2024 20:00",10.73
"5/7/2024 21:00",10.66
"5/7/2024 22:00",10.73
"5/7/2024 23:00",10.9
"6/7/2024 0:00",10.52
"6/7/2024 1:00",10.43
"6/7/2024 2:00",9.64
"6/7/2024 3:00",10.52
"6/7/2024 4:00",8.13
"6/7/2024 5:00",9.01
"6/7/2024 6:00",9.02
"6/7/2024 7:00",8.51
"6/7/2024 8:00",10.34
"6/7/2024 9:00",8.21
"6/7/2024 10:00",5.7
"6/7/2024 11:00",6.09
"6/7/2024 12:00",8.03
"6/7/2024 13:00",8.43
"6/7/2024 14:00",7.92
"6/7/2024 15:00",7.82
"6/7/2024 16:00",9.07
"6/7/2024 17:00",9.37
"6/7/2024 18:00",10.67
"6/7/2024 19:00",10.78
"6/7/2024 20:00",12.24
"6/7/2024 21:00",12.8
"6/7/2024 22:00",13.99
"6/7/2024 23:00",14.88
"7/7/2024 0:00",14.01
"7/7/2024 1:00",12.6
"7/7/2024 2:00",11.64
"7/7/2024 3:00",10.77
"7/7/2024 4:00",9.52
"7/7/2024 5:00",8.88
"7/7/2024 6:00",8.48
"7/7/2024 7:00",8.03
"7/7/2024 8:00",6.47
"7/7/2024 9:00",5.75
"7/7/2024 10:00",6.24
"7/7/2024 11:00",5.83
"7/7/2024 12:00",5.85
"7/7/2024 13:00",5.89
"7/7/2024 14:00",7.56
"7/7/2024 15:00",8.3
"7/7/2024 16:00",5.45
"7/7/2024 17:00",5.26
"7/7/2024 18:00",6.37
"7/7/2024 19:00",5.68
"7/7/2024 20:00",6.75
"7/7/2024 21:00",8.22
"7/7/2024 22:00",10
"7/7/2024 23:00",10.87
"8/7/2024 0:00",11.23
"8/7/2024 1:00",16.25
"8/7/2024 2:00",16.86
"8/7/2024 3:00",17.54
"8/7/2024 4:00",19.31
"8/7/2024 5:00",20.86
"8/7/2024 6:00",19.17
"8/7/2024 7:00",15.45
"8/7/2024 8:00",12.87
"8/7/2024 9:00",10.14
"8/7/2024 10:00",9.19
"8/7/2024 11:00",9.73
"8/7/2024 12:00",9.11
"8/7/2024 13:00",10.82
"8/7/2024 14:00",10.01
"8/7/2024 15:00",10.18
"8/7/2024 16:00",10.37
"8/7/2024 17:00",8.69
"8/7/2024 18:00",9.45
"8/7/2024 19:00",12.8
"8/7/2024 20:00",15.34
"8/7/2024 21:00",17.02
"8/7/2024 22:00",16.5
"8/7/2024 23:00",15.18
"9/7/2024 0:00",16.22
"9/7/2024 1:00",20.13
"9/7/2024 2:00",18.68
"9/7/2024 3:00",17.14
"9/7/2024 4:00",18.57
"9/7/2024 5:00",18.31
"9/7/2024 6:00",18.87
"9/7/2024 7:00",19.13
"9/7/2024 8:00",16.28
"9/7/2024 9:00",13.82
"9/7/2024 10:00",13.19
"9/7/2024 11:00",16.67
"9/7/2024 12:00",18.8
"9/7/2024 13:00",18.69
"9/7/2024 14:00",20.98
"9/7/2024 15:00",20.14
"9/7/2024 16:00",17.22
"9/7/2024 17:00",12.41
"9/7/2024 18:00",10.03
"9/7/2024 19:00",11.6
"9/7/2024 20:00",17.17
"9/7/2024 21:00",18.41
"9/7/2024 22:00",17.03
"9/7/2024 23:00",15.34
"10/7/2024 0:00",14.11
"10/7/2024 1:00",8.83
"10/7/2024 2:00",7.11
"10/7/2024 3:00",5.39
"10/7/2024 4:00",4.17
"10/7/2024 5:00",4.17
"10/7/2024 6:00",4.81
"10/7/2024 7:00",6
"10/7/2024 8:00",6.53
"10/7/2024 9:00",6.56
"10/7/2024 10:00",6.2
"10/7/2024 11:00",6.32
"10/7/2024 12:00",5.77
"10/7/2024 13:00",5.3
"10/7/2024 14:00",4.84
"10/7/2024 15:00",3.4
"10/7/2024 16:00",3.43
"10/7/2024 17:00",3.84
"10/7/2024 18:00",3.54
"10/7/2024 19:00",4.02
"10/7/2024 20:00",4.85
"10/7/2024 21:00",8.6
"10/7/2024 22:00",9.54
"10/7/2024 23:00",9.37
"11/7/2024 0:00",9.38
"11/7/2024 1:00",10.68
"11/7/2024 2:00",9.97
"11/7/2024 3:00",9.89
"11/7/2024 4:00",10.39
"11/7/2024 5:00",12.63
"11/7/2024 6:00",16.46
"11/7/2024 7:00",16.28
"11/7/2024 8:00",13.71
"11/7/2024 9:00",11.47
"11/7/2024 10:00",11.05
"11/7/2024 11:00",10.17
"11/7/2024 12:00",7.95
"11/7/2024 13:00",7.72
"11/7/2024 14:00",8.61
"11/7/2024 15:00",8.11
"11/7/2024 16:00",8.69
"11/7/2024 17:00",10.29
"11/7/2024 18:00",11.78
"11/7/2024 19:00",17.89
"11/7/2024 20:00",20.12
"11/7/2024 21:00",17.4
"11/7/2024 22:00",18.98
"11/7/2024 23:00",17.07
"12/7/2024 0:00",11.49
"12/7/2024 1:00",4.23
"12/7/2024 2:00",2.87
"12/7/2024 3:00",2.79
"12/7/2024 4:00",3.93
"12/7/2024 5:00",6.14
"12/7/2024 6:00",6.78
"12/7/2024 7:00",7.71
"12/7/2024 8:00",6.22
"12/7/2024 9:00",5.97
"12/7/2024 10:00",8.72
"12/7/2024 11:00",9.07
"12/7/2024 12:00",8.76
"12/7/2024 13:00",5.75
"12/7/2024 14:00",6.11
"12/7/2024 15:00",6.83
"12/7/2024 16:00",5.76
"12/7/2024 17:00",5.73
"12/7/2024 18:00",6.38
"12/7/2024 19:00",8.48
"12/7/2024 20:00",9.84
"12/7/2024 21:00",12.01
"12/7/2024 22:00",12.32
"12/7/2024 23:00",7.84
"13/7/2024 0:00",8.97
"13/7/2024 1:00",13.7
"13/7/2024 2:00",13.74
"13/7/2024 3:00",14.56
"13/7/2024 4:00",13.7
"13/7/2024 5:00",14.87
"13/7/2024 6:00",17.49
"13/7/2024 7:00",18.21
"13/7/2024 8:00",18.81
"13/7/2024 9:00",18.73
"13/7/2024 10:00",19.37
"13/7/2024 11:00",18.43
"13/7/2024 12:00",16.27
"13/7/2024 13:00",13.63
"13/7/2024 14:00",12.85
"13/7/2024 15:00",10.31
"13/7/2024 16:00",7.34
"13/7/2024 17:00",6.9
"13/7/2024 18:00",11.13
"13/7/2024 19:00",12.64
"13/7/2024 20:00",15.65
"13/7/2024 21:00",17.45
"13/7/2024 22:00",20.23
"13/7/2024 23:00",21.57
"14/7/2024 0:00",22.57
"14/7/2024 1:00",20.54
"14/7/2024 2:00",19.48
"14/7/2024 3:00",17.58
"14/7/2024 4:00",18.31
"14/7/2024 5:00",20.45
"14/7/2024 6:00",19.79
"14/7/2024 7:00",17.82
"14/7/2024 8:00",15.67
"14/7/2024 9:00",12.76
"14/7/2024 10:00",10.18
"14/7/2024 11:00",7.9
"14/7/2024 12:00",7.2
"14/7/2024 13:00",8.45
"14/7/2024 14:00",8.82
"14/7/2024 15:00",7.37
"14/7/2024 16:00",7.93
"14/7/2024 17:00",8.77
"14/7/2024 18:00",8.37
"14/7/2024 19:00",8.5
"14/7/2024 20:00",9.63
"14/7/2024 21:00",12.4
"14/7/2024 22:00",15.7
"14/7/2024 23:00",17.52
"15/7/2024 0:00",16.64
"15/7/2024 1:00",23.1
"15/7/2024 2:00",27
"15/7/2024 3:00",30.03
"15/7/2024 4:00",33.06
"15/7/2024 5:00",37.48
"15/7/2024 6:00",40.33
"15/7/2024 7:00",40.96
"15/7/2024 8:00",35.71
"15/7/2024 9:00",29.53
"15/7/2024 10:00",28.52
"15/7/2024 11:00",29.13
"15/7/2024 12:00",30.15
"15/7/2024 13:00",33.79
"15/7/2024 14:00",30.33
"15/7/2024 15:00",19.43
"15/7/2024 16:00",12.68
"15/7/2024 17:00",12.32
"15/7/2024 18:00",9.41
"15/7/2024 19:00",10.1
"15/7/2024 20:00",20.08
"15/7/2024 21:00",23.48
"15/7/2024 22:00",18.35
"15/7/2024 23:00",16.6
"16/7/2024 0:00",10.6
"16/7/2024 1:00",7.21
"16/7/2024 2:00",4.53
"16/7/2024 3:00",4.17
"16/7/2024 4:00",6.52
"16/7/2024 5:00",8
"16/7/2024 6:00",9.62
"16/7/2024 7:00",8.32
"16/7/2024 8:00",7.56
"16/7/2024 9:00",6.81
"16/7/2024 10:00",5.88
"16/7/2024 11:00",4.39
"16/7/2024 12:00",5.02
"16/7/2024 13:00",7.9
"16/7/2024 14:00",10.79
"16/7/2024 15:00",6.59
"16/7/2024 16:00",9.9
"16/7/2024 17:00",8.24
"16/7/2024 18:00",7.16
"16/7/2024 19:00",9.22
"16/7/2024 20:00",10.77
"16/7/2024 21:00",11.57
"16/7/2024 22:00",14.49
"16/7/2024 23:00",13.79
"17/7/2024 0:00",12.7
"17/7/2024 1:00",20.46
"17/7/2024 2:00",23.4
"17/7/2024 3:00",28.34
"17/7/2024 4:00",30.16
"17/7/2024 5:00",29.58
"17/7/2024 6:00",29.65
"17/7/2024 7:00",28.29
"17/7/2024 8:00",25.77
"17/7/2024 9:00",21.68
"17/7/2024 10:00",19.42
"17/7/2024 11:00",17.59
"17/7/2024 12:00",17.79
"17/7/2024 13:00",15.61
"17/7/2024 14:00",13.48
"17/7/2024 15:00",12.24
"17/7/2024 16:00",10.08
"17/7/2024 17:00",9.38
"17/7/2024 18:00",12.62
"17/7/2024 19:00",16.34
"17/7/2024 20:00",17.03
"17/7/2024 21:00",18.34
"17/7/2024 22:00",22.57
"17/7/2024 23:00",26.62
"18/7/2024 0:00",29.09
"18/7/2024 1:00",34.64
"18/7/2024 2:00",35.67
"18/7/2024 3:00",36.07
"18/7/2024 4:00",35.8
"18/7/2024 5:00",37.39
"18/7/2024 6:00",38.15
"18/7/2024 7:00",36.67
"18/7/2024 8:00",37.26
"18/7/2024 9:00",36.57
"18/7/2024 10:00",30.06
"18/7/2024 11:00",21.8
"18/7/2024 12:00",10.37
"18/7/2024 13:00",9.16
"18/7/2024 14:00",11.22
"18/7/2024 15:00",14.31
"18/7/2024 16:00",15.11
"18/7/2024 17:00",14.52
"18/7/2024 18:00",16.42
"18/7/2024 19:00",16.29
"18/7/2024 20:00",18.69
"18/7/2024 21:00",22.68
"18/7/2024 22:00",30.9
"18/7/2024 23:00",26.5
"19/7/2024 0:00",25.98
"19/7/2024 1:00",37.11
"19/7/2024 2:00",43.06
"19/7/2024 3:00",53.71
"19/7/2024 4:00",61.31
"19/7/2024 5:00",64.32
"19/7/2024 6:00",63.79
"19/7/2024 7:00",61.47
"19/7/2024 8:00",55.89
"19/7/2024 9:00",45.32
"19/7/2024 10:00",32.69
"19/7/2024 11:00",14.75
"19/7/2024 12:00",10.04
"19/7/2024 13:00",10.73
"19/7/2024 14:00",12.7
"19/7/2024 15:00",13.98
"19/7/2024 16:00",10.28
"19/7/2024 17:00",8.54
"19/7/2024 18:00",8.24
"19/7/2024 19:00",9.94
"19/7/2024 20:00",13.53
"19/7/2024 21:00",16.06
"19/7/2024 22:00",18.99
"19/7/2024 23:00",22.73
"20/7/2024 0:00",29.33
"20/7/2024 1:00",16.87
"20/7/2024 2:00",14.87
"20/7/2024 3:00",13.19
"20/7/2024 4:00",11.58
"20/7/2024 5:00",10.08
"20/7/2024 6:00",9.31
"20/7/2024 7:00",8.8
"20/7/2024 8:00",7.83
"20/7/2024 9:00",8.1
"20/7/2024 10:00",7.63
"20/7/2024 11:00",6.24
"20/7/2024 12:00",7.25
"20/7/2024 13:00",7.32
"20/7/2024 14:00",6.98
"20/7/2024 15:00",7.68
"20/7/2024 16:00",8.96
"20/7/2024 17:00",9.51
"20/7/2024 18:00",9.31
"20/7/2024 19:00",7.98
"20/7/2024 20:00",7.8
"20/7/2024 21:00",9.26
"20/7/2024 22:00",9.96
"20/7/2024 23:00",10.1
"21/7/2024 0:00",9.75
"21/7/2024 1:00",6.52
"21/7/2024 2:00",6.24
"21/7/2024 3:00",6.19
"21/7/2024 4:00",5.88
"21/7/2024 5:00",5.1
"21/7/2024 6:00",4.74
"21/7/2024 7:00",4.78
"21/7/2024 8:00",4.4
"21/7/2024 9:00",4.84
"21/7/2024 10:00",5.09
"21/7/2024 11:00",5.12
"21/7/2024 12:00",5.27
"21/7/2024 13:00",6.96
"21/7/2024 14:00",7.52
"21/7/2024 15:00",7.46
"21/7/2024 16:00",7.99
"21/7/2024 17:00",8.43
"21/7/2024 18:00",9.03
"21/7/2024 19:00",9.05
"21/7/2024 20:00",9.23
"21/7/2024 21:00",8.87
"21/7/2024 22:00",9.49
"21/7/2024 23:00",9.53
"22/7/2024 0:00",9.59
"22/7/2024 1:00",7.52
"22/7/2024 2:00",8.09
"22/7/2024 3:00",8.62
"22/7/2024 4:00",8.9
"22/7/2024 5:00",9.53
"22/7/2024 6:00",10.13
"22/7/2024 7:00",10.64
"22/7/2024 8:00",10.8
"22/7/2024 9:00",9.96
"22/7/2024 10:00",9.64
"22/7/2024 11:00",9.31
"22/7/2024 12:00",9.31
"22/7/2024 13:00",8.02
"22/7/2024 14:00",7.14
"22/7/2024 15:00",6.46
"22/7/2024 16:00",5.8
"22/7/2024 17:00",5.93
"22/7/2024 18:00",6.46
"22/7/2024 19:00",7.21
"22/7/2024 20:00",7.85
"22/7/2024 21:00",8.55
"22/7/2024 22:00",8.67
"22/7/2024 23:00",9.23
"23/7/2024 0:00",9.78
"23/7/2024 1:00",9.6
"23/7/2024 2:00",10
"23/7/2024 3:00",10.83
"23/7/2024 4:00",10.94
"23/7/2024 5:00",10.69
"23/7/2024 6:00",6.81
"23/7/2024 7:00",6.74
"23/7/2024 8:00",8.75
"23/7/2024 9:00",9.47
"23/7/2024 10:00",11.48
"23/7/2024 11:00",14.03
"23/7/2024 12:00",12.61
"23/7/2024 13:00",10.18
"23/7/2024 14:00",5.77
"23/7/2024 15:00",7.58
"23/7/2024 16:00",10.39
"23/7/2024 17:00",11.48
"23/7/2024 18:00",12.55
"23/7/2024 19:00",13.43
"23/7/2024 20:00",14.77
"23/7/2024 21:00",15.13
"23/7/2024 22:00",15.49
"23/7/2024 23:00",21
"24/7/2024 0:00",24.16
"24/7/2024 1:00",31.05
"24/7/2024 2:00",32.65
"24/7/2024 3:00",33.88
"24/7/2024 4:00",31.2
"24/7/2024 5:00",32.35
"24/7/2024 6:00",30.37
"24/7/2024 7:00",28.38
"24/7/2024 8:00",25.72
"24/7/2024 9:00",21.93
"24/7/2024 10:00",17.09
"24/7/2024 11:00",10.65
"24/7/2024 12:00",8.72
"24/7/2024 13:00",7.61
"24/7/2024 14:00",7.05
"24/7/2024 15:00",6.64
"24/7/2024 16:00",10.52
"24/7/2024 17:00",13.24
"24/7/2024 18:00",16.28
"24/7/2024 19:00",16.95
"24/7/2024 20:00",14.48
"24/7/2024 21:00",15.21
"24/7/2024 22:00",16.35
"24/7/2024 23:00",15.55
"25/7/2024 0:00",15.25
"25/7/2024 1:00",5.91
"25/7/2024 2:00",6.27
"25/7/2024 3:00",6.86
"25/7/2024 4:00",6.02
"25/7/2024 5:00",5.58
"25/7/2024 6:00",5.83
"25/7/2024 7:00",7.12
"25/7/2024 8:00",7.2
"25/7/2024 9:00",6.88
"25/7/2024 10:00",7.56
"25/7/2024 11:00",6.86
"25/7/2024 12:00",7.88
"25/7/2024 13:00",8.95
"25/7/2024 14:00",8.77
"25/7/2024 15:00",7.12
"25/7/2024 16:00",8.87
"25/7/2024 17:00",9.98
"25/7/2024 18:00",9.74
"25/7/2024 19:00",10.18
"25/7/2024 20:00",11.35
"25/7/2024 21:00",12.53
"25/7/2024 22:00",13.57
"25/7/2024 23:00",9.77