"Category","PM<sub>2.5</sub> particulates"
"14/5/2024 1:00",9
"14/5/2024 2:00",9.7
"14/5/2024 3:00",10.43
"14/5/2024 4:00",12.29
"14/5/2024 5:00",15.44
"14/5/2024 6:00",12.95
"14/5/2024 7:00",5.8
"14/5/2024 8:00",3.12
"14/5/2024 9:00",3.73
"14/5/2024 10:00",3.26
"14/5/2024 11:00",3.6
"14/5/2024 12:00",3.78
"14/5/2024 13:00",3.19
"14/5/2024 14:00",3.23
"14/5/2024 15:00",3.27
"14/5/2024 16:00",3.45
"14/5/2024 17:00",3.56
"14/5/2024 18:00",3.88
"14/5/2024 19:00",4.3
"14/5/2024 20:00",4.37
"14/5/2024 21:00",4.37
"14/5/2024 22:00",4.92
"14/5/2024 23:00",5.24
"15/5/2024 0:00",6.84
"15/5/2024 1:00",7.75
"15/5/2024 2:00",8.32
"15/5/2024 3:00",8.71
"15/5/2024 4:00",8.16
"15/5/2024 5:00",7.88
"15/5/2024 6:00",7.12
"15/5/2024 7:00",6.51
"15/5/2024 8:00",6
"15/5/2024 9:00",4.36
"15/5/2024 10:00",3.81
"15/5/2024 11:00",3.61
"15/5/2024 12:00",3.39
"15/5/2024 13:00",3.11
"15/5/2024 14:00",3.01
"15/5/2024 15:00",2.93
"15/5/2024 16:00",2.91
"15/5/2024 17:00",2.9
"15/5/2024 18:00",2.88
"15/5/2024 19:00",3.01
"15/5/2024 20:00",3.46
"15/5/2024 21:00",5.34
"15/5/2024 22:00",8.88
"15/5/2024 23:00",9.76
"16/5/2024 0:00",11.1
"16/5/2024 1:00",15.93
"16/5/2024 2:00",18.78
"16/5/2024 3:00",18.96
"16/5/2024 4:00",19.22
"16/5/2024 5:00",16.68
"16/5/2024 6:00",16.11
"16/5/2024 7:00",15.01
"16/5/2024 8:00",16.05
"16/5/2024 9:00",17.44
"16/5/2024 10:00",16.12
"16/5/2024 11:00",12.86
"16/5/2024 12:00",13.14
"16/5/2024 13:00",11.84
"16/5/2024 14:00",12.94
"16/5/2024 15:00",8.08
"16/5/2024 16:00",7.47
"16/5/2024 17:00",8.44
"16/5/2024 18:00",7.19
"16/5/2024 19:00",5.85
"16/5/2024 20:00",5.09
"16/5/2024 21:00",4.93
"16/5/2024 22:00",5.43
"16/5/2024 23:00",4.66
"17/5/2024 0:00",6.3
"17/5/2024 1:00",6.69
"17/5/2024 2:00",6.57
"17/5/2024 3:00",7.99
"17/5/2024 4:00",11.26
"17/5/2024 5:00",12.38
"17/5/2024 6:00",13.24
"17/5/2024 7:00",13.05
"17/5/2024 8:00",7.63
"17/5/2024 9:00",5.11
"17/5/2024 10:00",3.99
"17/5/2024 11:00",3.24
"17/5/2024 12:00",3.25
"17/5/2024 13:00",3.27
"17/5/2024 14:00",3.04
"17/5/2024 15:00",3.35
"17/5/2024 16:00",3.85
"17/5/2024 17:00",3.85
"17/5/2024 18:00",4.25
"17/5/2024 19:00",4.2
"17/5/2024 20:00",4.36
"17/5/2024 21:00",4.37
"17/5/2024 22:00",4.54
"17/5/2024 23:00",4.63
"18/5/2024 0:00",4.67
"18/5/2024 1:00",6.3
"18/5/2024 2:00",6.76
"18/5/2024 3:00",9.66
"18/5/2024 4:00",10.78
"18/5/2024 5:00",15.17
"18/5/2024 6:00",15.66
"18/5/2024 7:00",17.04
"18/5/2024 8:00",15.46
"18/5/2024 9:00",15.17
"18/5/2024 10:00",14.49
"18/5/2024 11:00",12.93
"18/5/2024 12:00",12.91
"18/5/2024 13:00",12.59
"18/5/2024 14:00",12.53
"18/5/2024 15:00",11.93
"18/5/2024 16:00",12.12
"18/5/2024 17:00",11.18
"18/5/2024 18:00",12
"18/5/2024 19:00",13.59
"18/5/2024 20:00",15.19
"18/5/2024 21:00",14.77
"18/5/2024 22:00",10.44
"18/5/2024 23:00",8.11
"19/5/2024 0:00",7.94
"19/5/2024 1:00",12.49
"19/5/2024 2:00",14.06
"19/5/2024 3:00",15.68
"19/5/2024 4:00",16.66
"19/5/2024 5:00",16.21
"19/5/2024 6:00",15.73
"19/5/2024 7:00",14.49
"19/5/2024 8:00",14.38
"19/5/2024 9:00",14.31
"19/5/2024 10:00",14.78
"19/5/2024 11:00",13.3
"19/5/2024 12:00",12.23
"19/5/2024 13:00",11.57
"19/5/2024 14:00",10.87
"19/5/2024 15:00",10.33
"19/5/2024 16:00",10.38
"19/5/2024 17:00",10.63
"19/5/2024 18:00",10.62
"19/5/2024 19:00",10.74
"19/5/2024 20:00",10.78
"19/5/2024 21:00",12.82
"19/5/2024 22:00",13.82
"19/5/2024 23:00",14.01
"20/5/2024 0:00",14.3
"20/5/2024 1:00",13.8
"20/5/2024 2:00",14.42
"20/5/2024 3:00",15.12
"20/5/2024 4:00",15.39
"20/5/2024 5:00",15.77
"20/5/2024 6:00",15.69
"20/5/2024 7:00",15.42
"20/5/2024 8:00",14.11
"20/5/2024 9:00",12.87
"20/5/2024 10:00",11.78
"20/5/2024 11:00",10.73
"20/5/2024 12:00",10.08
"20/5/2024 13:00",9.44
"20/5/2024 14:00",9.23
"20/5/2024 15:00",9.69
"20/5/2024 16:00",9.79
"20/5/2024 17:00",9.54
"20/5/2024 18:00",9.44
"20/5/2024 19:00",8.96
"20/5/2024 20:00",8.73
"20/5/2024 21:00",8.93
"20/5/2024 22:00",9.65
"20/5/2024 23:00",9.39
"21/5/2024 0:00",8.99
"21/5/2024 1:00",6.43
"21/5/2024 2:00",6.16
"21/5/2024 3:00",6.36
"21/5/2024 4:00",6.89
"21/5/2024 5:00",7.53
"21/5/2024 6:00",8.08
"21/5/2024 7:00",8.89
"21/5/2024 8:00",9.4
"21/5/2024 9:00",8.9
"21/5/2024 10:00",9.03
"21/5/2024 11:00",9.18
"21/5/2024 12:00",10.12
"21/5/2024 13:00",10.81
"21/5/2024 14:00",11.34
"21/5/2024 15:00",12.58
"21/5/2024 16:00",13.55
"21/5/2024 17:00",13.34
"21/5/2024 18:00",13.05
"21/5/2024 19:00",11.89
"21/5/2024 20:00",11.79
"21/5/2024 21:00",12.45
"21/5/2024 22:00",10.99
"21/5/2024 23:00",11.77
"22/5/2024 0:00",14.52
"22/5/2024 1:00",14.91
"22/5/2024 2:00",15.26
"22/5/2024 3:00",14.75
"22/5/2024 4:00",12.65
"22/5/2024 5:00",14.52
"22/5/2024 6:00",14.39
"22/5/2024 7:00",13.76
"22/5/2024 8:00",14.44
"22/5/2024 9:00",11.3
"22/5/2024 10:00",6.88
"22/5/2024 11:00",4.67
"22/5/2024 12:00",5.39
"22/5/2024 13:00",5.35
"22/5/2024 14:00",5.12
"22/5/2024 15:00",6.39
"22/5/2024 16:00",8.15
"22/5/2024 17:00",9.24
"22/5/2024 18:00",9.59
"22/5/2024 19:00",8.9
"22/5/2024 20:00",9.11
"22/5/2024 21:00",7.1
"22/5/2024 22:00",5.34
"22/5/2024 23:00",5.44
"23/5/2024 0:00",7.11
"23/5/2024 1:00",8.77
"23/5/2024 2:00",9.06
"23/5/2024 3:00",9.99
"23/5/2024 4:00",10.1
"23/5/2024 5:00",8.66
"23/5/2024 6:00",7.98
"23/5/2024 7:00",5.53
"23/5/2024 8:00",3.89
"23/5/2024 9:00",3.81
"23/5/2024 10:00",3.85
"23/5/2024 11:00",3.84
"23/5/2024 12:00",3.92
"23/5/2024 13:00",3.87
"23/5/2024 14:00",3.83
"23/5/2024 15:00",3.79
"23/5/2024 16:00",3.83
"23/5/2024 17:00",3.89
"23/5/2024 18:00",4.01
"23/5/2024 19:00",3.95
"23/5/2024 20:00",3.91
"23/5/2024 21:00",3.95
"23/5/2024 22:00",3.75
"23/5/2024 23:00",3.63
"24/5/2024 0:00",3.74
"24/5/2024 1:00",3.74
"24/5/2024 2:00",3.65
"24/5/2024 3:00",4.01
"24/5/2024 4:00",4.04
"24/5/2024 5:00",4.5
"24/5/2024 6:00",5.76
"24/5/2024 7:00",6.48
"24/5/2024 8:00",5.21
"24/5/2024 9:00",4.66
"24/5/2024 10:00",3.81
"24/5/2024 11:00",4.14
"24/5/2024 12:00",4.48
"24/5/2024 13:00",4.8
"24/5/2024 14:00",4.82
"24/5/2024 15:00",5.01
"24/5/2024 16:00",4.8
"24/5/2024 17:00",5.17
"24/5/2024 18:00",5.83
"24/5/2024 19:00",6.65
"24/5/2024 20:00",7.18
"24/5/2024 21:00",8.34
"24/5/2024 22:00",11.91
"24/5/2024 23:00",8.82
"25/5/2024 0:00",9.36
"25/5/2024 1:00",7.85
"25/5/2024 2:00",8.44
"25/5/2024 3:00",9.12
"25/5/2024 4:00",9.26
"25/5/2024 5:00",9.51
"25/5/2024 6:00",10.42
"25/5/2024 7:00",8.83
"25/5/2024 8:00",8.35
"25/5/2024 9:00",7.07
"25/5/2024 10:00",7.29
"25/5/2024 11:00",6.69
"25/5/2024 12:00",6.51
"25/5/2024 13:00",6.56
"25/5/2024 14:00",6.12
"25/5/2024 15:00",6.17
"25/5/2024 16:00",6.57
"25/5/2024 17:00",6.78
"25/5/2024 18:00",6.37
"25/5/2024 19:00",6.14
"25/5/2024 20:00",6.43
"25/5/2024 21:00",6.82
"25/5/2024 22:00",7.47
"25/5/2024 23:00",7.15
"26/5/2024 0:00",7.3
"26/5/2024 1:00",5.07
"26/5/2024 2:00",5.23
"26/5/2024 3:00",5.74
"26/5/2024 4:00",6.36
"26/5/2024 5:00",6.27
"26/5/2024 6:00",5.68
"26/5/2024 7:00",5.46
"26/5/2024 8:00",5.78
"26/5/2024 9:00",5.08
"26/5/2024 10:00",4.52
"26/5/2024 11:00",4.08
"26/5/2024 12:00",4.21
"26/5/2024 13:00",4.15
"26/5/2024 14:00",3.99
"26/5/2024 15:00",3.97
"26/5/2024 16:00",3.93
"26/5/2024 17:00",3.91
"26/5/2024 18:00",3.92
"26/5/2024 19:00",3.99
"26/5/2024 20:00",4.02
"26/5/2024 21:00",4.05
"26/5/2024 22:00",4.24
"26/5/2024 23:00",4.23
"27/5/2024 0:00",4.17
"27/5/2024 1:00",3.52
"27/5/2024 2:00",3.77
"27/5/2024 3:00",3.67
"27/5/2024 4:00",3.15
"27/5/2024 5:00",3
"27/5/2024 6:00",2.77
"27/5/2024 7:00",2.65
"27/5/2024 8:00",2.52
"27/5/2024 9:00",2.43
"27/5/2024 10:00",2.29
"27/5/2024 11:00",2.31
"27/5/2024 12:00",2.57
"27/5/2024 13:00",2.56
"27/5/2024 14:00",2.64
"27/5/2024 15:00",3.44
"27/5/2024 16:00",3.92
"27/5/2024 17:00",3.63
"27/5/2024 18:00",3.28
"27/5/2024 19:00",3.3
"27/5/2024 20:00",3.25
"27/5/2024 21:00",4.19
"27/5/2024 22:00",4.83
"27/5/2024 23:00",4.77
"28/5/2024 0:00",4.82
"28/5/2024 1:00",4.17
"28/5/2024 2:00",4.71
"28/5/2024 3:00",5.33
"28/5/2024 4:00",4.7
"28/5/2024 5:00",4.52
"28/5/2024 6:00",4.31
"28/5/2024 7:00",3.65
"28/5/2024 8:00",1.99
"28/5/2024 9:00",0.98
"28/5/2024 10:00",1.26
"28/5/2024 11:00",3.82
"28/5/2024 12:00",5.9
"28/5/2024 13:00",5
"28/5/2024 14:00",8.16
"28/5/2024 15:00",8.66
"28/5/2024 16:00",9.45
"28/5/2024 17:00",9.81
"28/5/2024 18:00",6.48
"28/5/2024 19:00",4.37
"28/5/2024 20:00",2.42
"28/5/2024 21:00",3.65
"28/5/2024 22:00",3.26
"28/5/2024 23:00",3.46
"29/5/2024 0:00",2.92
"29/5/2024 1:00",3.82
"29/5/2024 2:00",4.12
"29/5/2024 3:00",4.17
"29/5/2024 4:00",3.8
"29/5/2024 5:00",3.84
"29/5/2024 6:00",4.39
"29/5/2024 7:00",5.08
"29/5/2024 8:00",5.53
"29/5/2024 9:00",4.63
"29/5/2024 10:00",4.58
"29/5/2024 11:00",3.39
"29/5/2024 12:00",3.17
"29/5/2024 13:00",1.7
"29/5/2024 14:00",1.73
"29/5/2024 15:00",1.42
"29/5/2024 16:00",1.73
"29/5/2024 17:00",1.91
"29/5/2024 18:00",3.29
"29/5/2024 19:00",3.36
"29/5/2024 20:00",4.15
"29/5/2024 21:00",3.78
"29/5/2024 22:00",2.7
"29/5/2024 23:00",2.41
"30/5/2024 0:00",1.91
"30/5/2024 1:00",2.16
"30/5/2024 2:00",2.16
"30/5/2024 3:00",2.15
"30/5/2024 4:00",2.4
"30/5/2024 5:00",2.6
"30/5/2024 6:00",2.88
"30/5/2024 7:00",3.09
"30/5/2024 8:00",3.23
"30/5/2024 9:00",3.6
"30/5/2024 10:00",3.41
"30/5/2024 11:00",3.67
"30/5/2024 12:00",4.14
"30/5/2024 13:00",3.7
"30/5/2024 14:00",2.65
"30/5/2024 15:00",2.36
"30/5/2024 16:00",2.55
"30/5/2024 17:00",2.75
"30/5/2024 18:00",2.21
"30/5/2024 19:00",2.76
"30/5/2024 20:00",2.93
"30/5/2024 21:00",2.73
"30/5/2024 22:00",3.06
"30/5/2024 23:00",3.25
"31/5/2024 0:00",3.16
"31/5/2024 1:00",3.09
"31/5/2024 2:00",3.07
"31/5/2024 3:00",2.96
"31/5/2024 4:00",3.22
"31/5/2024 5:00",3.41
"31/5/2024 6:00",3.1
"31/5/2024 7:00",2.74
"31/5/2024 8:00",2.93
"31/5/2024 9:00",3.35
"31/5/2024 10:00",3.43
"31/5/2024 11:00",3.23
"31/5/2024 12:00",4.44
"31/5/2024 13:00",5.73
"31/5/2024 14:00",6.14
"31/5/2024 15:00",7.38
"31/5/2024 16:00",7.09
"31/5/2024 17:00",6.36
"31/5/2024 18:00",5.11
"31/5/2024 19:00",7.11
"31/5/2024 20:00",8.11
"31/5/2024 21:00",8.77
"31/5/2024 22:00",7.2
"31/5/2024 23:00",6.53
"1/6/2024 0:00",6.71
"1/6/2024 1:00",7.03
"1/6/2024 2:00",7.21
"1/6/2024 3:00",10.84
"1/6/2024 4:00",13.95
"1/6/2024 5:00",13.63
"1/6/2024 6:00",11.61
"1/6/2024 7:00",9.14
"1/6/2024 8:00",7.92
"1/6/2024 9:00",5.24
"1/6/2024 10:00",5.94
"1/6/2024 11:00",6.3
"1/6/2024 12:00",5.11
"1/6/2024 13:00",4.53
"1/6/2024 14:00",4.24
"1/6/2024 15:00",4.12
"1/6/2024 16:00",3.93
"1/6/2024 17:00",3.8
"1/6/2024 18:00",3.91
"1/6/2024 19:00",4.03
"1/6/2024 20:00",3.98
"1/6/2024 21:00",4.33
"1/6/2024 22:00",4.25
"1/6/2024 23:00",4.31
"2/6/2024 0:00",4.72
"2/6/2024 1:00",7.76
"2/6/2024 2:00",8.97
"2/6/2024 3:00",9.69
"2/6/2024 4:00",10
"2/6/2024 5:00",10.44
"2/6/2024 6:00",10.61
"2/6/2024 7:00",10.55
"2/6/2024 8:00",9.92
"2/6/2024 9:00",9.05
"2/6/2024 10:00",8.22
"2/6/2024 11:00",7.71
"2/6/2024 12:00",7.8
"2/6/2024 13:00",8.44
"2/6/2024 14:00",8.47
"2/6/2024 15:00",7.56
"2/6/2024 16:00",8.26
"2/6/2024 17:00",7.38
"2/6/2024 18:00",7.26
"2/6/2024 19:00",7.35
"2/6/2024 20:00",7.09
"2/6/2024 21:00",12.23
"2/6/2024 22:00",13.48
"2/6/2024 23:00",13.88
"3/6/2024 0:00",9.68
"3/6/2024 1:00",5.61
"3/6/2024 2:00",4.79
"3/6/2024 3:00",4.23
"3/6/2024 4:00",4.32
"3/6/2024 5:00",4.61
"3/6/2024 6:00",4.99
"3/6/2024 7:00",5.33
"3/6/2024 8:00",5.15
"3/6/2024 9:00",4.63
"3/6/2024 10:00",4.85
"3/6/2024 11:00",3.86
"3/6/2024 12:00",3.23
"3/6/2024 13:00",3.72
"3/6/2024 14:00",3.59
"3/6/2024 15:00",5.27
"3/6/2024 16:00",9.15
"3/6/2024 17:00",5.89
"3/6/2024 18:00",5.56
"3/6/2024 19:00",5.76
"3/6/2024 20:00",4.24
"3/6/2024 21:00",4.2
"3/6/2024 22:00",6.13
"3/6/2024 23:00",6.88
"4/6/2024 0:00",6.63
"4/6/2024 1:00",6.77
"4/6/2024 2:00",7.24
"4/6/2024 3:00",6.51
"4/6/2024 4:00",6.23
"4/6/2024 5:00",5.93
"4/6/2024 6:00",6.87
"4/6/2024 7:00",7.37
"4/6/2024 8:00",7.03
"4/6/2024 9:00",7.13
"4/6/2024 10:00",7.08
"4/6/2024 11:00",4.8
"4/6/2024 12:00",4.33
"4/6/2024 13:00",3.86
"4/6/2024 14:00",3.29
"4/6/2024 15:00",3.66
"4/6/2024 16:00",3.64
"4/6/2024 17:00",3.72
"4/6/2024 18:00",3.58
"4/6/2024 19:00",2.99
"4/6/2024 20:00",2.45
"4/6/2024 21:00",2.43
"4/6/2024 22:00",5.42
"4/6/2024 23:00",7.18
"5/6/2024 0:00",7.78
"5/6/2024 1:00",9.15
"5/6/2024 2:00",8.87
"5/6/2024 3:00",9.31
"5/6/2024 4:00",9.04
"5/6/2024 5:00",9.33
"5/6/2024 6:00",7.81
"5/6/2024 7:00",8.47
"5/6/2024 8:00",8.35
"5/6/2024 9:00",8.03
"5/6/2024 10:00",7.56
"5/6/2024 11:00",7.32
"5/6/2024 12:00",6.38
"5/6/2024 13:00",4.7
"5/6/2024 14:00",4.2
"5/6/2024 15:00",4.38
"5/6/2024 16:00",5.12
"5/6/2024 17:00",5.99
"5/6/2024 18:00",6.53
"5/6/2024 19:00",7.74
"5/6/2024 20:00",8.96
"5/6/2024 21:00",9.56
"5/6/2024 22:00",10.1
"5/6/2024 23:00",10.16
"6/6/2024 0:00",11.23
"6/6/2024 1:00",11.29
"6/6/2024 2:00",12.08
"6/6/2024 3:00",12.6
"6/6/2024 4:00",13.01
"6/6/2024 5:00",13.33
"6/6/2024 6:00",13.47
"6/6/2024 7:00",13.13
"6/6/2024 8:00",12.59
"6/6/2024 9:00",11.04
"6/6/2024 10:00",9.23
"6/6/2024 11:00",8.08
"6/6/2024 12:00",7.9
"6/6/2024 13:00",7.71
"6/6/2024 14:00",7.1
"6/6/2024 15:00",7.09
"6/6/2024 16:00",6.76
"6/6/2024 17:00",6.73
"6/6/2024 18:00",6.65
"6/6/2024 19:00",6.73
"6/6/2024 20:00",7.02
"6/6/2024 21:00",7.56
"6/6/2024 22:00",7.7
"6/6/2024 23:00",8.08
"7/6/2024 0:00",8.29
"7/6/2024 1:00",7.76
"7/6/2024 2:00",7.7
"7/6/2024 3:00",7.57
"7/6/2024 4:00",7.9
"7/6/2024 5:00",7.4
"7/6/2024 6:00",7.47
"7/6/2024 7:00",6.63
"7/6/2024 8:00",5.8
"7/6/2024 9:00",5.56
"7/6/2024 10:00",5.29
"7/6/2024 11:00",5.04
"7/6/2024 12:00",5.36
"7/6/2024 13:00",5.23
"7/6/2024 14:00",5.33
"7/6/2024 15:00",5.38
"7/6/2024 16:00",5.44
"7/6/2024 17:00",6.25
"7/6/2024 18:00",6.93
"7/6/2024 19:00",7.76
"7/6/2024 20:00",7.73
"7/6/2024 21:00",8.09
"7/6/2024 22:00",8.79
"7/6/2024 23:00",8.96
"8/6/2024 0:00",6.11
"8/6/2024 1:00",3.9
"8/6/2024 2:00",4.2
"8/6/2024 3:00",4.44
"8/6/2024 4:00",4.66
"8/6/2024 5:00",4.5
"8/6/2024 6:00",3.89
"8/6/2024 7:00",3.26
"8/6/2024 8:00",3.41
"8/6/2024 9:00",3.13
"8/6/2024 10:00",2.65
"8/6/2024 11:00",2.28
"8/6/2024 12:00",2.51
"8/6/2024 13:00",2.55
"8/6/2024 14:00",2.43
"8/6/2024 15:00",2.68
"8/6/2024 16:00",2.98
"8/6/2024 17:00",3.04
"8/6/2024 18:00",3.75
"8/6/2024 19:00",3.84
"8/6/2024 20:00",3.94
"8/6/2024 21:00",4.29
"8/6/2024 22:00",3.75
"8/6/2024 23:00",3.42
"9/6/2024 0:00",3.27
"9/6/2024 1:00",4.36
"9/6/2024 2:00",4.05
"9/6/2024 3:00",4.39
"9/6/2024 4:00",4.89
"9/6/2024 5:00",5.25
"9/6/2024 6:00",5.31
"9/6/2024 7:00",4.91
"9/6/2024 8:00",4.29
"9/6/2024 9:00",4.38
"9/6/2024 10:00",4.1
"9/6/2024 11:00",4.73
"9/6/2024 12:00",4.1
"9/6/2024 13:00",3.93
"9/6/2024 14:00",4.22
"9/6/2024 15:00",4.34
"9/6/2024 16:00",4.53
"9/6/2024 17:00",4.6
"9/6/2024 18:00",4.4
"9/6/2024 19:00",4.22
"9/6/2024 20:00",4.08
"9/6/2024 21:00",3.95
"9/6/2024 22:00",4.19
"9/6/2024 23:00",5.49
"10/6/2024 0:00",6.4
"10/6/2024 1:00",5.59
"10/6/2024 2:00",6.18
"10/6/2024 3:00",5.82
"10/6/2024 4:00",5.9
"10/6/2024 5:00",5.55
"10/6/2024 6:00",1.9
"10/6/2024 7:00",2.54
"10/6/2024 8:00",2.34
"10/6/2024 9:00",1.39
"10/6/2024 10:00",1.79
"10/6/2024 11:00",2.1
"10/6/2024 12:00",2.46
"10/6/2024 13:00",2.52
"10/6/2024 14:00",2.18
"10/6/2024 15:00",1.94
"10/6/2024 16:00",2.07
"10/6/2024 17:00",2.52
"10/6/2024 18:00",3.47
"10/6/2024 19:00",3.74
"10/6/2024 20:00",3.92
"10/6/2024 21:00",4.47
"10/6/2024 22:00",6.42
"10/6/2024 23:00",8.18
"11/6/2024 0:00",7.39
"11/6/2024 1:00",5.82
"11/6/2024 2:00",5.28
"11/6/2024 3:00",4.39
"11/6/2024 4:00",4.37
"11/6/2024 5:00",3.99
"11/6/2024 6:00",4.13
"11/6/2024 7:00",4.33
"11/6/2024 8:00",4.3
"11/6/2024 9:00",3.34
"11/6/2024 10:00",2.72
"11/6/2024 11:00",2.68
"11/6/2024 12:00",2.81
"11/6/2024 13:00",2.93
"11/6/2024 14:00",3.09
"11/6/2024 15:00",3.26
"11/6/2024 16:00",3.33
"11/6/2024 17:00",3.48
"11/6/2024 18:00",3.46
"11/6/2024 19:00",3.62
"11/6/2024 20:00",3.9
"11/6/2024 21:00",4.27
"11/6/2024 22:00",4.84
"11/6/2024 23:00",5.49
"12/6/2024 0:00",5.98
"12/6/2024 1:00",8.94
"12/6/2024 2:00",7.37
"12/6/2024 3:00",8.11
"12/6/2024 4:00",8.18
"12/6/2024 5:00",8
"12/6/2024 6:00",7.88
"12/6/2024 7:00",7.84
"12/6/2024 8:00",7.14
"12/6/2024 9:00",5.39
"12/6/2024 10:00",5.13
"12/6/2024 11:00",5.61
"12/6/2024 12:00",5.66
"12/6/2024 13:00",5.26
"12/6/2024 14:00",4.97
"12/6/2024 15:00",5.81
"12/6/2024 16:00",5.42
"12/6/2024 17:00",5.23
"12/6/2024 18:00",4.98
"12/6/2024 19:00",5.1
"12/6/2024 20:00",5.46
"12/6/2024 21:00",6.34
"12/6/2024 22:00",6.05
"12/6/2024 23:00",5.12
"13/6/2024 0:00",5.87
"13/6/2024 1:00",6.59
"13/6/2024 2:00",5.61
"13/6/2024 3:00",5.7
"13/6/2024 4:00",6.02
"13/6/2024 5:00",6.91
"13/6/2024 6:00",6.45
"13/6/2024 7:00",6.73
"13/6/2024 8:00",7.42
"13/6/2024 9:00",5.6
"13/6/2024 10:00",4.78
"13/6/2024 11:00",4.18
"13/6/2024 12:00",3.99
"13/6/2024 13:00",4.39
"13/6/2024 14:00",4.43
"13/6/2024 15:00",4.64
"13/6/2024 16:00",4.95
"13/6/2024 17:00",5.16
"13/6/2024 18:00",5.21
"13/6/2024 19:00",5.9
"13/6/2024 20:00",5.95
"13/6/2024 21:00",4.1
"13/6/2024 22:00",4.76
"13/6/2024 23:00",4.94
"14/6/2024 0:00",3.95
"14/6/2024 1:00",2.44
"14/6/2024 2:00",1.67
"14/6/2024 3:00",1.49
"14/6/2024 4:00",2.35
"14/6/2024 5:00",1.71
"14/6/2024 6:00",2.18
"14/6/2024 7:00",2.56
"14/6/2024 8:00",2.36
"14/6/2024 9:00",1.81
"14/6/2024 10:00",2.18
"14/6/2024 11:00",1.71
"14/6/2024 12:00",1.99
"14/6/2024 13:00",1.5
"14/6/2024 14:00",0.88
"14/6/2024 15:00",1.05
"14/6/2024 16:00",0.69
"14/6/2024 17:00",0.72
"14/6/2024 18:00",1.05
"14/6/2024 19:00",1.03
"14/6/2024 20:00",1.75
"14/6/2024 21:00",2.52
"14/6/2024 22:00",2.62
"14/6/2024 23:00",2.64
"15/6/2024 0:00",2.08
"15/6/2024 1:00",4.75
"15/6/2024 2:00",2.67
"15/6/2024 3:00",2.67
"15/6/2024 4:00",2.86
"15/6/2024 5:00",3.41
"15/6/2024 6:00",2.95
"15/6/2024 7:00",2.97
"15/6/2024 8:00",3.03
"15/6/2024 9:00",2.84
"15/6/2024 10:00",2.7
"15/6/2024 11:00",3.31
"15/6/2024 12:00",3.68
"15/6/2024 13:00",2.75
"15/6/2024 14:00",2.95
"15/6/2024 15:00",3.62
"15/6/2024 16:00",3.66
"15/6/2024 17:00",4.15
"15/6/2024 18:00",4.31
"15/6/2024 19:00",6.07
"15/6/2024 20:00",6.99
"15/6/2024 21:00",10
"15/6/2024 22:00",9.05
"15/6/2024 23:00",9.42
"16/6/2024 0:00",9.41
"16/6/2024 1:00",7.91
"16/6/2024 2:00",8.22
"16/6/2024 3:00",8.46
"16/6/2024 4:00",8.98
"16/6/2024 5:00",7.72
"16/6/2024 6:00",7.05
"16/6/2024 7:00",5.75
"16/6/2024 8:00",5.13
"16/6/2024 9:00",4.68
"16/6/2024 10:00",4.17
"16/6/2024 11:00",4.23
"16/6/2024 12:00",3.7
"16/6/2024 13:00",3.56
"16/6/2024 14:00",3.29
"16/6/2024 15:00",3.57
"16/6/2024 16:00",3.91
"16/6/2024 17:00",4.22
"16/6/2024 18:00",4.38
"16/6/2024 19:00",4.43
"16/6/2024 20:00",4.28
"16/6/2024 21:00",4.83
"16/6/2024 22:00",4.41
"16/6/2024 23:00",4.46
"17/6/2024 0:00",4.87
"17/6/2024 1:00",4.21
"17/6/2024 2:00",4.23
"17/6/2024 3:00",4.37
"17/6/2024 4:00",4.41
"17/6/2024 5:00",4.15
"17/6/2024 6:00",3.93
"17/6/2024 7:00",3.71
"17/6/2024 8:00",3.48
"17/6/2024 9:00",3.33
"17/6/2024 10:00",3.06
"17/6/2024 11:00",2.69
"17/6/2024 12:00",2.52
"17/6/2024 13:00",2.43
"17/6/2024 14:00",2.4
"17/6/2024 15:00",2.43
"17/6/2024 16:00",2.39
"17/6/2024 17:00",2.53
"17/6/2024 18:00",2.47
"17/6/2024 19:00",2.74
"17/6/2024 20:00",3.29
"17/6/2024 21:00",3.59
"17/6/2024 22:00",3.7
"17/6/2024 23:00",3.72
"18/6/2024 0:00",4.32
"18/6/2024 1:00",5.2
"18/6/2024 2:00",5.38
"18/6/2024 3:00",5.82
"18/6/2024 4:00",6.6
"18/6/2024 5:00",8.45
"18/6/2024 6:00",7.03
"18/6/2024 7:00",6.68
"18/6/2024 8:00",6.5
"18/6/2024 9:00",5.77
"18/6/2024 10:00",5.46
"18/6/2024 11:00",5.42
"18/6/2024 12:00",5.14
"18/6/2024 13:00",4.88
"18/6/2024 14:00",5.1
"18/6/2024 15:00",5.3
"18/6/2024 16:00",5.15
"18/6/2024 17:00",5.18
"18/6/2024 18:00",5.44
"18/6/2024 19:00",5.55
"18/6/2024 20:00",5.74
"18/6/2024 21:00",6.11
"18/6/2024 22:00",6.27
"18/6/2024 23:00",6.54
"19/6/2024 0:00",5.98
"19/6/2024 1:00",7.26
"19/6/2024 2:00",8.02
"19/6/2024 3:00",8.37
"19/6/2024 4:00",7.61
"19/6/2024 5:00",6.34
"19/6/2024 6:00",6.25
"19/6/2024 7:00",5.44
"19/6/2024 8:00",4.83
"19/6/2024 9:00",4.49
"19/6/2024 10:00",4.29
"19/6/2024 11:00",4.13
"19/6/2024 12:00",4.01
"19/6/2024 13:00",3.9
"19/6/2024 14:00",3.86
"19/6/2024 15:00",3.89
"19/6/2024 16:00",3.91
"19/6/2024 17:00",4.16
"19/6/2024 18:00",4.33
"19/6/2024 19:00",4.31
"19/6/2024 20:00",4.12
"19/6/2024 21:00",4.1
"19/6/2024 22:00",4.33
"19/6/2024 23:00",4.48
"20/6/2024 0:00",4.58
"20/6/2024 1:00",4.88
"20/6/2024 2:00",5.22
"20/6/2024 3:00",5
"20/6/2024 4:00",5.2
"20/6/2024 5:00",5.14
"20/6/2024 6:00",5.17
"20/6/2024 7:00",4.98
"20/6/2024 8:00",4.52
"20/6/2024 9:00",4.25
"20/6/2024 10:00",4.1
"20/6/2024 11:00",4.03
"20/6/2024 12:00",4.18
"20/6/2024 13:00",4.34
"20/6/2024 14:00",5.82
"20/6/2024 15:00",7.04
"20/6/2024 16:00",5.43
"20/6/2024 17:00",5.5
"20/6/2024 18:00",5.57
"20/6/2024 19:00",5.62
"20/6/2024 20:00",5.35
"20/6/2024 21:00",5.55
"20/6/2024 22:00",5.47
"20/6/2024 23:00",7.13
"21/6/2024 0:00",9.31
"21/6/2024 1:00",9
"21/6/2024 2:00",10.53
"21/6/2024 3:00",10.22
"21/6/2024 4:00",10.75
"21/6/2024 5:00",10.18
"21/6/2024 6:00",8.84
"21/6/2024 7:00",8.24
"21/6/2024 8:00",7.49
"21/6/2024 9:00",6.14
"21/6/2024 10:00",5.35
"21/6/2024 11:00",4.99
"21/6/2024 12:00",5.07
"21/6/2024 13:00",5.04
"21/6/2024 14:00",4.95
"21/6/2024 15:00",5.1
"21/6/2024 16:00",5.14
"21/6/2024 17:00",5.14
"21/6/2024 18:00",5.16
"21/6/2024 19:00",5.48
"21/6/2024 20:00",5.96
"21/6/2024 21:00",6.25
"21/6/2024 22:00",6.09
"21/6/2024 23:00",6.2
"22/6/2024 0:00",6.56
"22/6/2024 1:00",6.69
"22/6/2024 2:00",6.45
"22/6/2024 3:00",5.87
"22/6/2024 4:00",3.91
"22/6/2024 5:00",3.42
"22/6/2024 6:00",3.33
"22/6/2024 7:00",2.24
"22/6/2024 8:00",2.63
"22/6/2024 9:00",2.53
"22/6/2024 10:00",2.38
"22/6/2024 11:00",2.58
"22/6/2024 12:00",2.24
"22/6/2024 13:00",2.74
"22/6/2024 14:00",3.79
"22/6/2024 15:00",3.75
"22/6/2024 16:00",3.19
"22/6/2024 17:00",2.59
"22/6/2024 18:00",2.5
"22/6/2024 19:00",3.04
"22/6/2024 20:00",3.49
"22/6/2024 21:00",3.5
"22/6/2024 22:00",3.84
"22/6/2024 23:00",3.78
"23/6/2024 0:00",3.61
"23/6/2024 1:00",2.41
"23/6/2024 2:00",2.98
"23/6/2024 3:00",3.19
"23/6/2024 4:00",3.84
"23/6/2024 5:00",4.34
"23/6/2024 6:00",4.67
"23/6/2024 7:00",4.47
"23/6/2024 8:00",4.33
"23/6/2024 9:00",2.97
"23/6/2024 10:00",2.16
"23/6/2024 11:00",2.24
"23/6/2024 12:00",2.06
"23/6/2024 13:00",2.18
"23/6/2024 14:00",2.98
"23/6/2024 15:00",3.53
"23/6/2024 16:00",3.23
"23/6/2024 17:00",3.41
"23/6/2024 18:00",3.68
"23/6/2024 19:00",3.99
"23/6/2024 20:00",3.73
"23/6/2024 21:00",3.6
"23/6/2024 22:00",4.41
"23/6/2024 23:00",5.54
"24/6/2024 0:00",5.53
"24/6/2024 1:00",5.47
"24/6/2024 2:00",5.55
"24/6/2024 3:00",5.77
"24/6/2024 4:00",6.16
"24/6/2024 5:00",6.05
"24/6/2024 6:00",6.01
"24/6/2024 7:00",6.27
"24/6/2024 8:00",6.33
"24/6/2024 9:00",5.24
"24/6/2024 10:00",4.98
"24/6/2024 11:00",5
"24/6/2024 12:00",5.04
"24/6/2024 13:00",4.81
"24/6/2024 14:00",4.89
"24/6/2024 15:00",4.77
"24/6/2024 16:00",4.79
"24/6/2024 17:00",4.69
"24/6/2024 18:00",4.73
"24/6/2024 19:00",4.68
"24/6/2024 20:00",4.49
"24/6/2024 21:00",4.5
"24/6/2024 22:00",4.53
"24/6/2024 23:00",4.83
"25/6/2024 0:00",5.37
"25/6/2024 1:00",7.36
"25/6/2024 2:00",7.73
"25/6/2024 3:00",7.7
"25/6/2024 4:00",8.03
"25/6/2024 5:00",8.39
"25/6/2024 6:00",8.47
"25/6/2024 7:00",7.61
"25/6/2024 8:00",8.06
"25/6/2024 9:00",7.62
"25/6/2024 10:00",7.36
"25/6/2024 11:00",7.56
"25/6/2024 12:00",8.12
"25/6/2024 13:00",8.17
"25/6/2024 14:00",8.06
"25/6/2024 15:00",7.71
"25/6/2024 16:00",7.71
"25/6/2024 17:00",7.79
"25/6/2024 18:00",7.05
"25/6/2024 19:00",7.19
"25/6/2024 20:00",7.21
"25/6/2024 21:00",7.23
"25/6/2024 22:00",9.21
"25/6/2024 23:00",10.2
"26/6/2024 0:00",11.78
"26/6/2024 1:00",17.55
"26/6/2024 2:00",16.67
"26/6/2024 3:00",16.09
"26/6/2024 4:00",15.93
"26/6/2024 5:00",14.61
"26/6/2024 6:00",12.57
"26/6/2024 7:00",11.18
"26/6/2024 8:00",9.53
"26/6/2024 9:00",8.38
"26/6/2024 10:00",8.42
"26/6/2024 11:00",9.49
"26/6/2024 12:00",11.42
"26/6/2024 13:00",11.59
"26/6/2024 14:00",11.93
"26/6/2024 15:00",11.69
"26/6/2024 16:00",11.69
"26/6/2024 17:00",11.55
"26/6/2024 18:00",11.9
"26/6/2024 19:00",10.69
"26/6/2024 20:00",9.8
"26/6/2024 21:00",10.86
"26/6/2024 22:00",11.48
"26/6/2024 23:00",12.1
"27/6/2024 0:00",12.67
"27/6/2024 1:00",11.56
"27/6/2024 2:00",12.18
"27/6/2024 3:00",12.87
"27/6/2024 4:00",13.49
"27/6/2024 5:00",14.13
"27/6/2024 6:00",14.69
"27/6/2024 7:00",13.78
"27/6/2024 8:00",14.29
"27/6/2024 9:00",12.01
"27/6/2024 10:00",7.81
"27/6/2024 11:00",6.28
"27/6/2024 12:00",4.92
"27/6/2024 13:00",4.77
"27/6/2024 14:00",4.44
"27/6/2024 15:00",4.67
"27/6/2024 16:00",4.74
"27/6/2024 17:00",4.69
"27/6/2024 18:00",4.45
"27/6/2024 19:00",4.24
"27/6/2024 20:00",4
"27/6/2024 21:00",3.96
"27/6/2024 22:00",4.04
"27/6/2024 23:00",4.2
"28/6/2024 0:00",4.57
"28/6/2024 1:00",4.89
"28/6/2024 2:00",5.27
"28/6/2024 3:00",5.28
"28/6/2024 4:00",5.36
"28/6/2024 5:00",5.34
"28/6/2024 6:00",5.17
"28/6/2024 7:00",5.46
"28/6/2024 8:00",4.87
"28/6/2024 9:00",3.95
"28/6/2024 10:00",4.08
"28/6/2024 11:00",4.04
"28/6/2024 12:00",4.49
"28/6/2024 13:00",4.08
"28/6/2024 14:00",4.1
"28/6/2024 15:00",4.03
"28/6/2024 16:00",3.84
"28/6/2024 17:00",3.69
"28/6/2024 18:00",3.33
"28/6/2024 19:00",3.59
"28/6/2024 20:00",3.85
"28/6/2024 21:00",4.21
"28/6/2024 22:00",5.43
"28/6/2024 23:00",6.13
"29/6/2024 0:00",6.7
"29/6/2024 1:00",5.77
"29/6/2024 2:00",5.75
"29/6/2024 3:00",5.45
"29/6/2024 4:00",5.88
"29/6/2024 5:00",6.47
"29/6/2024 6:00",6.59
"29/6/2024 7:00",6.39
"29/6/2024 8:00",6.06
"29/6/2024 9:00",5.33
"29/6/2024 10:00",5.05
"29/6/2024 11:00",4.91
"29/6/2024 12:00",4.87
"29/6/2024 13:00",4.95
"29/6/2024 14:00",5.01
"29/6/2024 15:00",5.01
"29/6/2024 16:00",5.4
"29/6/2024 17:00",5.47
"29/6/2024 18:00",5.4
"29/6/2024 19:00",5.57
"29/6/2024 20:00",6.01
"29/6/2024 21:00",5.84
"29/6/2024 22:00",9.91
"29/6/2024 23:00",6.44
"30/6/2024 0:00",6.43
"30/6/2024 1:00",5.13
"30/6/2024 2:00",6.29
"30/6/2024 3:00",4.86
"30/6/2024 4:00",4.39
"30/6/2024 5:00",4.84
"30/6/2024 6:00",5.43
"30/6/2024 7:00",4.76
"30/6/2024 8:00",3.85
"30/6/2024 9:00",3.8
"30/6/2024 10:00",3.97
"30/6/2024 11:00",4.31
"30/6/2024 12:00",6.2
"30/6/2024 13:00",7.29
"30/6/2024 14:00",4.26
"30/6/2024 15:00",3.88
"30/6/2024 16:00",3.98
"30/6/2024 17:00",3.46
"30/6/2024 18:00",3.5
"30/6/2024 19:00",3.56
"30/6/2024 20:00",3.82
"30/6/2024 21:00",3.96
"30/6/2024 22:00",4.42
"30/6/2024 23:00",5.3
"1/7/2024 0:00",4.47
"1/7/2024 1:00",5.08
"1/7/2024 2:00",5.84
"1/7/2024 3:00",5.86
"1/7/2024 4:00",4.95
"1/7/2024 5:00",4.18
"1/7/2024 6:00",4
"1/7/2024 7:00",3.89
"1/7/2024 8:00",4.6
"1/7/2024 9:00",3.9
"1/7/2024 10:00",2.58
"1/7/2024 11:00",2.84
"1/7/2024 12:00",3.17
"1/7/2024 13:00",3.55
"1/7/2024 14:00",3.78
"1/7/2024 15:00",4.25
"1/7/2024 16:00",4.87
"1/7/2024 17:00",5.19
"1/7/2024 18:00",4.84
"1/7/2024 19:00",2.98
"1/7/2024 20:00",3.17
"1/7/2024 21:00",3.47
"1/7/2024 22:00",3.67
"1/7/2024 23:00",4.21
"2/7/2024 0:00",4.67
"2/7/2024 1:00",4.71
"2/7/2024 2:00",4.07
"2/7/2024 3:00",3.97
"2/7/2024 4:00",3.84
"2/7/2024 5:00",4.13
"2/7/2024 6:00",4.45
"2/7/2024 7:00",5.59
"2/7/2024 8:00",7
"2/7/2024 9:00",7.11
"2/7/2024 10:00",5.41
"2/7/2024 11:00",3.54
"2/7/2024 12:00",3.11
"2/7/2024 13:00",5.51
"2/7/2024 14:00",6.75
"2/7/2024 15:00",8.2
"2/7/2024 16:00",7.41
"2/7/2024 17:00",6.06
"2/7/2024 18:00",5.04
"2/7/2024 19:00",4.48
"2/7/2024 20:00",4.96
"2/7/2024 21:00",5.7
"2/7/2024 22:00",6.87
"2/7/2024 23:00",8.54
"3/7/2024 0:00",8.19
"3/7/2024 1:00",5.56
"3/7/2024 2:00",5.53
"3/7/2024 3:00",5.36
"3/7/2024 4:00",5.23
"3/7/2024 5:00",5.13
"3/7/2024 6:00",5.27
"3/7/2024 7:00",6.51
"3/7/2024 8:00",6.72
"3/7/2024 9:00",7.82
"3/7/2024 10:00",4.7
"3/7/2024 11:00",4.76
"3/7/2024 12:00",5.32
"3/7/2024 13:00",4.81
"3/7/2024 14:00",4.25
"3/7/2024 15:00",4.3
"3/7/2024 16:00",4.28
"3/7/2024 17:00",4.24
"3/7/2024 18:00",4.37
"3/7/2024 19:00",4.5
"3/7/2024 20:00",4.46
"3/7/2024 21:00",4.49
"3/7/2024 22:00",4.61
"3/7/2024 23:00",4.97
"4/7/2024 0:00",5.13
"4/7/2024 1:00",5.47
"4/7/2024 2:00",5.45
"4/7/2024 3:00",4.73
"4/7/2024 4:00",4
"4/7/2024 5:00",3.79
"4/7/2024 6:00",3.86
"4/7/2024 7:00",3.63
"4/7/2024 8:00",3.57
"4/7/2024 9:00",3.59
"4/7/2024 10:00",3.62
"4/7/2024 11:00",3.59
"4/7/2024 12:00",3.42
"4/7/2024 13:00",3.44
"4/7/2024 14:00",3.42
"4/7/2024 15:00",3.66
"4/7/2024 16:00",3.59
"4/7/2024 17:00",3.61
"4/7/2024 18:00",3.68
"4/7/2024 19:00",3.61
"4/7/2024 20:00",3.73
"4/7/2024 21:00",3.78
"4/7/2024 22:00",4.04
"4/7/2024 23:00",4.16
"5/7/2024 0:00",4.3
"5/7/2024 1:00",2.75
"5/7/2024 2:00",2.41
"5/7/2024 3:00",2.61
"5/7/2024 4:00",2.96
"5/7/2024 5:00",3.3
"5/7/2024 6:00",4.29
"5/7/2024 7:00",3.97
"5/7/2024 8:00",1.99
"5/7/2024 9:00",1.26
"5/7/2024 10:00",1.5
"5/7/2024 11:00",1.75
"5/7/2024 12:00",2.42
"5/7/2024 13:00",2.9
"5/7/2024 14:00",3.64
"5/7/2024 15:00",5.69
"5/7/2024 16:00",4.63
"5/7/2024 17:00",3.09
"5/7/2024 18:00",3.52
"5/7/2024 19:00",2.99
"5/7/2024 20:00",3.32
"5/7/2024 21:00",3.43
"5/7/2024 22:00",1.74
"5/7/2024 23:00",1.15
"6/7/2024 0:00",1.08
"6/7/2024 1:00",1.7
"6/7/2024 2:00",1.47
"6/7/2024 3:00",2.25
"6/7/2024 4:00",3.77
"6/7/2024 5:00",3.46
"6/7/2024 6:00",2.04
"6/7/2024 7:00",3.14
"6/7/2024 8:00",6.48
"6/7/2024 9:00",1.57
"6/7/2024 10:00",1.05
"6/7/2024 11:00",1.26
"6/7/2024 12:00",1.59
"6/7/2024 13:00",2.26
"6/7/2024 14:00",1.33
"6/7/2024 15:00",1.53
"6/7/2024 16:00",1.31
"6/7/2024 17:00",1.25
"6/7/2024 18:00",1.66
"6/7/2024 19:00",1.66
"6/7/2024 20:00",2.13
"6/7/2024 21:00",2.95
"6/7/2024 22:00",2.82
"6/7/2024 23:00",3.1
"7/7/2024 0:00",3.05
"7/7/2024 1:00",3.86
"7/7/2024 2:00",4.46
"7/7/2024 3:00",4.4
"7/7/2024 4:00",4.33
"7/7/2024 5:00",4.84
"7/7/2024 6:00",4.78
"7/7/2024 7:00",4.56
"7/7/2024 8:00",4.21
"7/7/2024 9:00",3.14
"7/7/2024 10:00",3.41
"7/7/2024 11:00",2.5
"7/7/2024 12:00",2.09
"7/7/2024 13:00",1.49
"7/7/2024 14:00",2
"7/7/2024 15:00",3.1
"7/7/2024 16:00",2.05
"7/7/2024 17:00",1.48
"7/7/2024 18:00",2.26
"7/7/2024 19:00",1.98
"7/7/2024 20:00",2.22
"7/7/2024 21:00",3.06
"7/7/2024 22:00",3.59
"7/7/2024 23:00",4.03
"8/7/2024 0:00",4.34
"8/7/2024 1:00",3.37
"8/7/2024 2:00",3.44
"8/7/2024 3:00",3.49
"8/7/2024 4:00",3.63
"8/7/2024 5:00",3.75
"8/7/2024 6:00",3.77
"8/7/2024 7:00",3.45
"8/7/2024 8:00",3.22
"8/7/2024 9:00",3.13
"8/7/2024 10:00",2.89
"8/7/2024 11:00",2.96
"8/7/2024 12:00",3.02
"8/7/2024 13:00",3.1
"8/7/2024 14:00",3.28
"8/7/2024 15:00",3.25
"8/7/2024 16:00",3.32
"8/7/2024 17:00",3.09
"8/7/2024 18:00",3.15
"8/7/2024 19:00",3.5
"8/7/2024 20:00",3.55
"8/7/2024 21:00",4.04
"8/7/2024 22:00",4.74
"8/7/2024 23:00",5.64
"9/7/2024 0:00",8.26
"9/7/2024 1:00",10.72
"9/7/2024 2:00",10.18
"9/7/2024 3:00",7.95
"9/7/2024 4:00",8.64
"9/7/2024 5:00",7.62
"9/7/2024 6:00",5.66
"9/7/2024 7:00",4.87
"9/7/2024 8:00",4.26
"9/7/2024 9:00",3.99
"9/7/2024 10:00",4.2
"9/7/2024 11:00",4.2
"9/7/2024 12:00",3.9
"9/7/2024 13:00",4.76
"9/7/2024 14:00",3.82
"9/7/2024 15:00",2.81
"9/7/2024 16:00",3.3
"9/7/2024 17:00",3.28
"9/7/2024 18:00",2.41
"9/7/2024 19:00",2.38
"9/7/2024 20:00",2.43
"9/7/2024 21:00",2.74
"9/7/2024 22:00",3.57
"9/7/2024 23:00",3.27
"10/7/2024 0:00",3.46
"10/7/2024 1:00",3.87
"10/7/2024 2:00",2.98
"10/7/2024 3:00",2.7
"10/7/2024 4:00",2.8
"10/7/2024 5:00",2.26
"10/7/2024 6:00",1.84
"10/7/2024 7:00",1.89
"10/7/2024 8:00",2.19
"10/7/2024 9:00",1.89
"10/7/2024 10:00",1.79
"10/7/2024 11:00",1.74
"10/7/2024 12:00",1.81
"10/7/2024 13:00",1.87
"10/7/2024 14:00",1.77
"10/7/2024 15:00",1.62
"10/7/2024 16:00",1.73
"10/7/2024 17:00",1.77
"10/7/2024 18:00",1.87
"10/7/2024 19:00",2.1
"10/7/2024 20:00",2.04
"10/7/2024 21:00",1.71
"10/7/2024 22:00",1.75
"10/7/2024 23:00",2.2
"11/7/2024 0:00",2.55
"11/7/2024 1:00",3.45
"11/7/2024 2:00",3.62
"11/7/2024 3:00",3.72
"11/7/2024 4:00",3.81
"11/7/2024 5:00",3.76
"11/7/2024 6:00",3.89
"11/7/2024 7:00",3.9
"11/7/2024 8:00",3.78
"11/7/2024 9:00",3.52
"11/7/2024 10:00",3.24
"11/7/2024 11:00",3.42
"11/7/2024 12:00",3.27
"11/7/2024 13:00",3.22
"11/7/2024 14:00",3.15
"11/7/2024 15:00",3.22
"11/7/2024 16:00",3.24
"11/7/2024 17:00",3.28
"11/7/2024 18:00",3.36
"11/7/2024 19:00",3.47
"11/7/2024 20:00",3.38
"11/7/2024 21:00",3.75
"11/7/2024 22:00",4.31
"11/7/2024 23:00",4.6
"12/7/2024 0:00",4.8
"12/7/2024 1:00",5.42
"12/7/2024 2:00",5.26
"12/7/2024 3:00",5.39
"12/7/2024 4:00",6.18
"12/7/2024 5:00",6.28
"12/7/2024 6:00",5.32
"12/7/2024 7:00",5.4
"12/7/2024 8:00",5.35
"12/7/2024 9:00",4.63
"12/7/2024 10:00",4.57
"12/7/2024 11:00",4.66
"12/7/2024 12:00",4.4
"12/7/2024 13:00",4.2
"12/7/2024 14:00",3.94
"12/7/2024 15:00",3.85
"12/7/2024 16:00",3.84
"12/7/2024 17:00",3.88
"12/7/2024 18:00",4.21
"12/7/2024 19:00",4.79
"12/7/2024 20:00",4.71
"12/7/2024 21:00",4.77
"12/7/2024 22:00",4.58
"12/7/2024 23:00",3.44
"13/7/2024 0:00",3.72
"13/7/2024 1:00",3.78
"13/7/2024 2:00",3.94
"13/7/2024 3:00",3.9
"13/7/2024 4:00",3.75
"13/7/2024 5:00",4.58
"13/7/2024 6:00",5.26
"13/7/2024 7:00",5.63
"13/7/2024 8:00",5.31
"13/7/2024 9:00",5.67
"13/7/2024 10:00",5.78
"13/7/2024 11:00",5.26
"13/7/2024 12:00",4.81
"13/7/2024 13:00",3.88
"13/7/2024 14:00",4.02
"13/7/2024 15:00",3.97
"13/7/2024 16:00",3.5
"13/7/2024 17:00",3.39
"13/7/2024 18:00",3.92
"13/7/2024 19:00",4.47
"13/7/2024 20:00",4.81
"13/7/2024 21:00",4.93
"13/7/2024 22:00",4.89
"13/7/2024 23:00",5.15
"14/7/2024 0:00",6.55
"14/7/2024 1:00",5.72
"14/7/2024 2:00",5.6
"14/7/2024 3:00",5.04
"14/7/2024 4:00",5.28
"14/7/2024 5:00",5.82
"14/7/2024 6:00",6.08
"14/7/2024 7:00",6.14
"14/7/2024 8:00",5.71
"14/7/2024 9:00",4.72
"14/7/2024 10:00",4.41
"14/7/2024 11:00",4.11
"14/7/2024 12:00",4
"14/7/2024 13:00",3.79
"14/7/2024 14:00",3.7
"14/7/2024 15:00",3.62
"14/7/2024 16:00",3.95
"14/7/2024 17:00",3.85
"14/7/2024 18:00",3.78
"14/7/2024 19:00",3.67
"14/7/2024 20:00",3.62
"14/7/2024 21:00",3.89
"14/7/2024 22:00",4.35
"14/7/2024 23:00",4.72
"15/7/2024 0:00",4.83
"15/7/2024 1:00",5.82
"15/7/2024 2:00",6.01
"15/7/2024 3:00",6.69
"15/7/2024 4:00",7.11
"15/7/2024 5:00",7.55
"15/7/2024 6:00",9.8
"15/7/2024 7:00",9.14
"15/7/2024 8:00",6.5
"15/7/2024 9:00",6.07
"15/7/2024 10:00",5.32
"15/7/2024 11:00",5.07
"15/7/2024 12:00",5.41
"15/7/2024 13:00",6.5
"15/7/2024 14:00",6.7
"15/7/2024 15:00",5.2
"15/7/2024 16:00",5.08
"15/7/2024 17:00",5.26
"15/7/2024 18:00",4.93
"15/7/2024 19:00",5.17
"15/7/2024 20:00",6.57
"15/7/2024 21:00",8.06
"15/7/2024 22:00",5.35
"15/7/2024 23:00",5.41
"16/7/2024 0:00",4.25
"16/7/2024 1:00",3.42
"16/7/2024 2:00",4.27
"16/7/2024 3:00",4.6
"16/7/2024 4:00",5.6
"16/7/2024 5:00",5.69
"16/7/2024 6:00",5.71
"16/7/2024 7:00",4.45
"16/7/2024 8:00",3.97
"16/7/2024 9:00",3.83
"16/7/2024 10:00",2.9
"16/7/2024 11:00",2.81
"16/7/2024 12:00",2.43
"16/7/2024 13:00",2.62
"16/7/2024 14:00",3.21
"16/7/2024 15:00",2.85
"16/7/2024 16:00",2.68
"16/7/2024 17:00",2.33
"16/7/2024 18:00",2.86
"16/7/2024 19:00",3.52
"16/7/2024 20:00",4.62
"16/7/2024 21:00",5.34
"16/7/2024 22:00",5.46
"16/7/2024 23:00",5.16
"17/7/2024 0:00",5
"17/7/2024 1:00",5.53
"17/7/2024 2:00",5.59
"17/7/2024 3:00",6.99
"17/7/2024 4:00",7.69
"17/7/2024 5:00",7.83
"17/7/2024 6:00",7.63
"17/7/2024 7:00",7.64
"17/7/2024 8:00",7.71
"17/7/2024 9:00",6.76
"17/7/2024 10:00",5.66
"17/7/2024 11:00",5.08
"17/7/2024 12:00",4.44
"17/7/2024 13:00",4.49
"17/7/2024 14:00",4.53
"17/7/2024 15:00",4.49
"17/7/2024 16:00",4.4
"17/7/2024 17:00",4.48
"17/7/2024 18:00",4.58
"17/7/2024 19:00",4.8
"17/7/2024 20:00",5.4
"17/7/2024 21:00",5.51
"17/7/2024 22:00",5.87
"17/7/2024 23:00",6.37
"18/7/2024 0:00",7.04
"18/7/2024 1:00",9.21
"18/7/2024 2:00",8.96
"18/7/2024 3:00",9.25
"18/7/2024 4:00",10.6
"18/7/2024 5:00",10.95
"18/7/2024 6:00",10.53
"18/7/2024 7:00",8.65
"18/7/2024 8:00",7.12
"18/7/2024 9:00",7.73
"18/7/2024 10:00",8.25
"18/7/2024 11:00",7.16
"18/7/2024 12:00",5.8
"18/7/2024 13:00",5.45
"18/7/2024 14:00",5.1
"18/7/2024 15:00",4.72
"18/7/2024 16:00",4.55
"18/7/2024 17:00",4.59
"18/7/2024 18:00",4.47
"18/7/2024 19:00",4.59
"18/7/2024 20:00",4.71
"18/7/2024 21:00",5.45
"18/7/2024 22:00",5.53
"18/7/2024 23:00",6.14
"19/7/2024 0:00",6.43
"19/7/2024 1:00",7.94
"19/7/2024 2:00",10.96
"19/7/2024 3:00",11.78
"19/7/2024 4:00",12.11
"19/7/2024 5:00",13.6
"19/7/2024 6:00",14.75
"19/7/2024 7:00",17.78
"19/7/2024 8:00",19.39
"19/7/2024 9:00",16
"19/7/2024 10:00",11.9
"19/7/2024 11:00",6.8
"19/7/2024 12:00",5.89
"19/7/2024 13:00",6.03
"19/7/2024 14:00",5.97
"19/7/2024 15:00",5.85
"19/7/2024 16:00",6.28
"19/7/2024 17:00",6.11
"19/7/2024 18:00",5.84
"19/7/2024 19:00",6.65
"19/7/2024 20:00",6.55
"19/7/2024 21:00",7
"19/7/2024 22:00",8.59
"19/7/2024 23:00",10.83
"20/7/2024 0:00",12.11
"20/7/2024 1:00",9.79
"20/7/2024 2:00",8.57
"20/7/2024 3:00",7.51
"20/7/2024 4:00",10.65
"20/7/2024 5:00",10.23
"20/7/2024 6:00",7.45
"20/7/2024 7:00",8.03
"20/7/2024 8:00",8.36
"20/7/2024 9:00",8.84
"20/7/2024 10:00",4.84
"20/7/2024 11:00",2.82
"20/7/2024 12:00",2.66
"20/7/2024 13:00",2.47
"20/7/2024 14:00",2.13
"20/7/2024 15:00",2.21
"20/7/2024 16:00",3.3
"20/7/2024 17:00",4.02
"20/7/2024 18:00",3.41
"20/7/2024 19:00",3.08
"20/7/2024 20:00",3.2
"20/7/2024 21:00",2.73
"20/7/2024 22:00",2.55
"20/7/2024 23:00",2.76
"21/7/2024 0:00",2.87
"21/7/2024 1:00",2.58
"21/7/2024 2:00",2.72
"21/7/2024 3:00",2.49
"21/7/2024 4:00",2.48
"21/7/2024 5:00",3.17
"21/7/2024 6:00",3.23
"21/7/2024 7:00",2.65
"21/7/2024 8:00",2.14
"21/7/2024 9:00",3.88
"21/7/2024 10:00",4.42
"21/7/2024 11:00",2.97
"21/7/2024 12:00",1.94
"21/7/2024 13:00",1.78
"21/7/2024 14:00",1.82
"21/7/2024 15:00",1.92
"21/7/2024 16:00",1.88
"21/7/2024 17:00",2.09
"21/7/2024 18:00",2.23
"21/7/2024 19:00",2.26
"21/7/2024 20:00",2.33
"21/7/2024 21:00",2.36
"21/7/2024 22:00",2.08
"21/7/2024 23:00",2.22
"22/7/2024 0:00",2.2
"22/7/2024 1:00",2.65
"22/7/2024 2:00",2.84
"22/7/2024 3:00",3.08
"22/7/2024 4:00",3.43
"22/7/2024 5:00",4.02
"22/7/2024 6:00",4.65
"22/7/2024 7:00",5.71
"22/7/2024 8:00",4.97
"22/7/2024 9:00",3.5
"22/7/2024 10:00",2.24
"22/7/2024 11:00",2.02
"22/7/2024 12:00",2.83
"22/7/2024 13:00",5.03
"22/7/2024 14:00",4.38
"22/7/2024 15:00",3.25
"22/7/2024 16:00",3.04
"22/7/2024 17:00",3.16
"22/7/2024 18:00",3.33
"22/7/2024 19:00",3.83
"22/7/2024 20:00",4.18
"22/7/2024 21:00",4.53
"22/7/2024 22:00",4.76
"22/7/2024 23:00",4.94
"23/7/2024 0:00",6.39
"23/7/2024 1:00",7.23
"23/7/2024 2:00",10.69
"23/7/2024 3:00",8.13
"23/7/2024 4:00",5.52
"23/7/2024 5:00",3.69
"23/7/2024 6:00",3.34
"23/7/2024 7:00",3.57
"23/7/2024 8:00",3.9
"23/7/2024 9:00",3.74
"23/7/2024 10:00",3.57
"23/7/2024 11:00",3.74
"23/7/2024 12:00",3.63
"23/7/2024 13:00",5.23
"23/7/2024 14:00",4.53
"23/7/2024 15:00",3.25
"23/7/2024 16:00",3.11
"23/7/2024 17:00",2.96
"23/7/2024 18:00",3.03
"23/7/2024 19:00",5.72
"23/7/2024 20:00",4.63
"23/7/2024 21:00",4.18
"23/7/2024 22:00",4.51
"23/7/2024 23:00",6.8
"24/7/2024 0:00",7.04
"24/7/2024 1:00",7.61
"24/7/2024 2:00",9.64
"24/7/2024 3:00",9.5
"24/7/2024 4:00",9.1
"24/7/2024 5:00",10.39
"24/7/2024 6:00",10.74
"24/7/2024 7:00",10.04
"24/7/2024 8:00",7.78
"24/7/2024 9:00",6.23
"24/7/2024 10:00",5.67
"24/7/2024 11:00",4.73
"24/7/2024 12:00",4.7
"24/7/2024 13:00",4.67
"24/7/2024 14:00",4.49
"24/7/2024 15:00",3.88
"24/7/2024 16:00",3.36
"24/7/2024 17:00",3.17
"24/7/2024 18:00",3.38
"24/7/2024 19:00",3.97
"24/7/2024 20:00",4.17
"24/7/2024 21:00",4.11
"24/7/2024 22:00",3.6
"24/7/2024 23:00",3.58
"25/7/2024 0:00",5.01
"25/7/2024 1:00",4.88
"25/7/2024 2:00",4.48
"25/7/2024 3:00",4.86
"25/7/2024 4:00",4.02
"25/7/2024 5:00",3.74
"25/7/2024 6:00",2.84
"25/7/2024 7:00",2.33
"25/7/2024 8:00",2.84
"25/7/2024 9:00",2.85
"25/7/2024 10:00",2.39
"25/7/2024 11:00",2.71
"25/7/2024 12:00",2.71
"25/7/2024 13:00",2.13
"25/7/2024 14:00",1.5
"25/7/2024 15:00",1.55
"25/7/2024 16:00",1.44
"25/7/2024 17:00",1.81
"25/7/2024 18:00",2.02
"25/7/2024 19:00",2.14
"25/7/2024 20:00",1.22
"25/7/2024 21:00",1.64
"25/7/2024 22:00",3.2
"25/7/2024 23:00",2.73