Date,NO2_weighted_value(ug m-3)
2018-01-01,18.25
2018-01-02,18.116666666666667
2018-01-03,19.083333333333332
2018-01-04,25.5
2018-01-05,36.9
2018-01-06,37.2
2018-01-07,13.1
2018-01-08,20.7
2018-01-09,35.8
2018-01-10,29.933333333333334
2018-01-11,23.099999999999998
2018-01-12,33.5
2018-01-13,23.6
2018-01-14,27.7
2018-01-15,27.2
2018-01-16,22.7
2018-01-17,21.7
2018-01-18,20.8
2018-01-19,39.0
2018-01-20,31.8
2018-01-21,37.8
2018-01-22,32.2
2018-01-23,25.2
2018-01-24,20.7
2018-01-25,31.5
2018-01-26,36.3
2018-01-27,34.7
2018-01-28,13.1
2018-01-29,20.9
2018-01-30,52.5
2018-01-31,22.7
2018-02-01,19.7
2018-02-02,28.8
2018-02-03,48.8
2018-02-04,15.7
2018-02-05,21.7
2018-02-06,31.5
2018-02-07,38.0
2018-02-08,49.6
2018-02-09,23.5
2018-02-10,38.2
2018-02-11,11.9
2018-02-12,36.8
2018-02-13,27.3
2018-02-14,31.2
2018-02-15,34.5
2018-02-16,48.1
2018-02-17,53.8
2018-02-18,39.2
2018-02-19,35.3
2018-02-20,22.5
2018-02-21,32.2
2018-02-22,28.4
2018-02-23,31.8
2018-02-24,28.4
2018-02-25,18.7
2018-02-26,18.8
2018-02-27,35.4
2018-02-28,28.3
2018-03-01,22.2
2018-03-02,32.9
2018-03-03,40.1
2018-03-04,37.4
2018-03-05,31.5
2018-03-06,38.0
2018-03-07,48.1
2018-03-08,26.4
2018-03-09,51.4
2018-03-10,32.4
2018-03-11,45.0
2018-03-12,35.5
2018-03-13,33.0
2018-03-14,26.7
2018-03-15,38.5
2018-03-16,32.0
2018-03-17,14.3
2018-03-18,15.0
2018-03-19,17.0
2018-03-20,23.1
2018-03-21,39.0
2018-03-22,27.4
2018-03-23,21.5
2018-03-24,31.2
2018-03-25,30.9
2018-03-26,29.4
2018-03-27,28.2
2018-03-28,40.7
2018-03-29,36.1
2018-03-30,30.9
2018-03-31,45.2
2018-04-01,33.6
2018-04-02,24.7
2018-04-03,25.5
2018-04-04,21.8
2018-04-05,19.8
2018-04-06,34.6
2018-04-07,44.3
2018-04-08,31.8
2018-04-09,31.9
2018-04-10,32.6
2018-04-11,28.5
2018-04-12,21.7
2018-04-13,33.8
2018-04-14,36.7
2018-04-15,27.7
2018-04-16,23.0
2018-04-17,26.7
2018-04-18,35.7
2018-04-19,54.1
2018-04-20,36.5
2018-04-21,45.5
2018-04-22,23.1
2018-04-23,20.3
2018-04-24,20.2
2018-04-25,17.4
2018-04-26,21.6
2018-04-27,37.1
2018-04-28,20.1
2018-04-29,13.6
2018-04-30,20.7
2018-05-01,28.4
2018-05-02,30.0
2018-05-03,35.6
2018-05-04,36.8
2018-05-05,37.7
2018-05-06,32.7
2018-05-07,42.0
2018-05-08,48.0
2018-05-09,23.4
2018-05-10,20.7
2018-05-11,27.2
2018-05-12,30.8
2018-05-13,25.3
2018-05-14,16.8
2018-05-15,18.7
2018-05-16,14.0
2018-05-17,12.4
2018-05-18,22.0
2018-05-19,29.2
2018-05-20,27.3
2018-05-21,32.7
2018-05-22,12.2
2018-05-23,11.1
2018-05-24,22.7
2018-05-25,34.2
2018-05-26,15.7
2018-05-27,24.0
2018-05-28,19.2
2018-05-29,14.5
2018-05-30,28.2
2018-05-31,25.8
2018-06-01,27.9
2018-06-02,19.9
2018-06-03,21.0
2018-06-04,12.8
2018-06-05,10.3
2018-06-06,14.0
2018-06-07,15.9
2018-06-08,14.4
2018-06-09,12.0
2018-06-10,9.3
2018-06-11,11.7
2018-06-12,15.9
2018-06-13,26.3
2018-06-14,19.0
2018-06-15,19.3
2018-06-16,15.2
2018-06-17,11.2
2018-06-18,13.1
2018-06-19,12.9
2018-06-20,13.5
2018-06-21,10.9
2018-06-22,14.3
2018-06-23,17.8
2018-06-24,17.2
2018-06-25,22.2
2018-06-26,27.6
2018-06-27,12.1
2018-06-28,11.9
2018-06-29,13.5
2018-06-30,7.3
2018-07-01,15.9
2018-07-02,12.7
2018-07-03,7.4
2018-07-04,18.7
2018-07-05,33.7
2018-07-06,25.7
2018-07-07,22.1
2018-07-08,19.4
2018-07-09,22.5
2018-07-10,8.1
2018-07-11,9.6
2018-07-12,17.2
2018-07-13,17.5
2018-07-14,21.5
2018-07-15,28.8
2018-07-16,23.1
2018-07-17,16.7
2018-07-18,25.0
2018-07-19,41.3
2018-07-20,30.8
2018-07-21,20.5
2018-07-22,22.1
2018-07-23,21.0
2018-07-24,18.9
2018-07-25,20.4
2018-07-26,24.6
2018-07-27,24.5
2018-07-28,6.3
2018-07-29,5.2
2018-07-30,8.6
2018-07-31,10.7
2018-08-01,15.7
2018-08-02,23.3
2018-08-03,25.2
2018-08-04,10.3
2018-08-05,16.6
2018-08-06,31.0
2018-08-07,32.4
2018-08-08,11.9
2018-08-09,26.5
2018-08-10,22.8
2018-08-11,24.2
2018-08-12,14.5
2018-08-13,16.4
2018-08-14,16.9
2018-08-15,17.7
2018-08-16,23.4
2018-08-17,21.5
2018-08-18,18.0
2018-08-19,12.3
2018-08-20,20.2
2018-08-21,22.5
2018-08-22,26.7
2018-08-23,17.3
2018-08-24,16.4
2018-08-25,20.8
2018-08-26,24.2
2018-08-27,14.5
2018-08-28,22.7
2018-08-29,30.1
2018-08-30,20.6
2018-08-31,31.6
2018-09-01,29.0
2018-09-02,32.6
2018-09-03,38.7
2018-09-04,20.6
2018-09-05,17.1
2018-09-06,20.3
2018-09-07,23.5
2018-09-08,26.6
2018-09-09,14.7
2018-09-10,17.1
2018-09-11,16.3
2018-09-12,20.1
2018-09-13,34.8
2018-09-14,34.0
2018-09-15,25.0
2018-09-16,17.9
2018-09-17,19.7
2018-09-18,15.8
2018-09-19,15.8
2018-09-20,16.1
2018-09-21,15.9
2018-09-22,24.3
2018-09-23,15.5
2018-09-24,29.8
2018-09-25,42.7
2018-09-26,57.5
2018-09-27,47.0
2018-09-28,17.5
2018-09-29,42.2
2018-09-30,25.7
2018-10-01,21.2
2018-10-02,17.3
2018-10-03,27.7
2018-10-04,27.6
2018-10-05,45.7
2018-10-06,19.8
2018-10-07,25.5
2018-10-08,33.3
2018-10-09,35.8
2018-10-10,47.9
2018-10-11,20.4
2018-10-12,14.5
2018-10-13,15.2
2018-10-14,10.9
2018-10-15,24.4
2018-10-16,24.7
2018-10-17,37.3
2018-10-18,24.3
2018-10-19,41.6
2018-10-20,51.5
2018-10-21,33.6
2018-10-22,28.1
2018-10-23,30.2
2018-10-24,26.2
2018-10-25,28.5
2018-10-26,24.9
2018-10-27,14.4
2018-10-28,15.4
2018-10-29,23.7
2018-10-30,25.4
2018-10-31,43.9
2018-11-01,41.4
2018-11-02,47.4
2018-11-03,34.9
2018-11-04,28.9
2018-11-05,36.6
2018-11-06,24.3
2018-11-07,20.8
2018-11-08,24.6
2018-11-09,28.3
2018-11-10,27.7
2018-11-11,24.1
2018-11-12,33.0
2018-11-13,33.0
2018-11-14,35.2
2018-11-15,36.1
2018-11-16,29.4
2018-11-17,36.2
2018-11-18,28.1
2018-11-19,18.4
2018-11-20,25.3
2018-11-21,40.0
2018-11-22,46.2
2018-11-23,44.6
2018-11-24,37.3
2018-11-25,23.5
2018-11-26,30.2
2018-11-27,39.0
2018-11-28,30.1
2018-11-29,21.3
2018-11-30,33.1
2018-12-01,26.8
2018-12-02,15.5
2018-12-03,22.8
2018-12-04,51.1
2018-12-05,38.6
2018-12-06,24.8
2018-12-07,19.9
2018-12-08,14.1
2018-12-09,15.0
2018-12-10,41.1
2018-12-11,57.6
2018-12-12,38.0
2018-12-13,43.0
2018-12-14,44.2
2018-12-15,24.3
2018-12-16,33.1
2018-12-17,39.4
2018-12-18,20.0
2018-12-19,34.9
2018-12-20,29.9
2018-12-21,21.3
2018-12-22,30.3
2018-12-23,23.4
2018-12-24,40.9
2018-12-25,47.4
2018-12-26,39.9
2018-12-27,50.8
2018-12-28,45.7
2018-12-29,31.3
2018-12-30,29.9
2018-12-31,15.9
2019-01-01,17.7
2019-01-02,27.8
2019-01-03,36.1
2019-01-04,39.3
2019-01-05,29.8
2019-01-06,35.7
2019-01-07,31.5
2019-01-08,22.8
2019-01-09,28.0
2019-01-10,47.8
2019-01-11,42.8
2019-01-12,29.6
2019-01-13,14.8
2019-01-14,30.5
2019-01-15,42.0
2019-01-16,34.7
2019-01-17,34.6
2019-01-18,44.2
2019-01-19,36.3
2019-01-20,46.2
2019-01-21,39.9
2019-01-22,43.8
2019-01-23,37.9
2019-01-24,62.2
2019-01-25,46.4
2019-01-26,20.7
2019-01-27,10.0
2019-01-28,34.5
2019-01-29,51.2
2019-01-30,45.9
2019-01-31,54.6
2019-02-01,27.0
2019-02-02,20.0
2019-02-03,36.7
2019-02-04,38.8
2019-02-05,39.7
2019-02-06,37.1
2019-02-07,23.1
2019-02-08,21.8
2019-02-09,17.0
2019-02-10,23.2
2019-02-11,38.2
2019-02-12,47.3
2019-02-13,41.6
2019-02-14,63.2
2019-02-15,63.9
2019-02-16,44.9
2019-02-17,34.1
2019-02-18,34.5
2019-02-19,33.5
2019-02-20,29.8
2019-02-21,33.9
2019-02-22,52.9
2019-02-23,46.2
2019-02-24,55.7
2019-02-25,72.1
2019-02-26,81.8
2019-02-27,73.9
2019-02-28,38.8
2019-03-01,30.2
2019-03-02,20.0
2019-03-03,13.0
2019-03-04,20.9
2019-03-05,22.9
2019-03-06,21.2
2019-03-07,16.8
2019-03-08,29.3
2019-03-09,18.0
2019-03-10,15.6
2019-03-11,18.5
2019-03-12,22.0
2019-03-13,15.0
2019-03-14,19.0
2019-03-15,14.8
2019-03-16,11.2
2019-03-17,15.5
2019-03-18,37.8
2019-03-19,42.2
2019-03-20,23.7
2019-03-21,24.5
2019-03-22,22.7
2019-03-23,22.6
2019-03-24,24.7
2019-03-25,17.4
2019-03-26,45.4
2019-03-27,36.4
2019-03-28,41.2
2019-03-29,53.1
2019-03-30,43.7
2019-03-31,11.4
2019-04-01,20.2
2019-04-02,34.0
2019-04-03,33.0
2019-04-04,19.7
2019-04-05,19.4
2019-04-06,13.4
2019-04-07,15.4
2019-04-08,32.1
2019-04-09,20.6
2019-04-10,12.1
2019-04-11,19.8
2019-04-12,20.8
2019-04-13,17.6
2019-04-14,20.3
2019-04-15,28.7
2019-04-16,46.4
2019-04-17,33.3
2019-04-18,29.5
2019-04-19,28.3
2019-04-20,20.1
2019-04-21,27.2
2019-04-22,37.5
2019-04-23,40.5
2019-04-24,32.7
2019-04-25,14.1
2019-04-26,17.3
2019-04-27,8.0
2019-04-28,11.6
2019-04-29,20.8
2019-04-30,27.2
2019-05-01,27.4
2019-05-02,18.0
2019-05-03,22.2
2019-05-04,10.2
2019-05-05,12.9
2019-05-06,15.5
2019-05-07,21.6
2019-05-08,22.9
2019-05-09,26.2
2019-05-10,22.5
2019-05-11,20.5
2019-05-12,18.4
2019-05-13,19.1
2019-05-14,14.1
2019-05-15,21.2
2019-05-16,16.5
2019-05-17,18.6
2019-05-18,27.1
2019-05-19,23.6
2019-05-20,23.6
2019-05-21,18.1
2019-05-22,24.1
2019-05-23,23.4
2019-05-24,19.6
2019-05-25,12.6
2019-05-26,13.3
2019-05-27,14.2
2019-05-28,15.5
2019-05-29,24.6
2019-05-30,13.3
2019-05-31,15.6
2019-06-01,17.5
2019-06-02,16.0
2019-06-03,13.7
2019-06-04,27.4
2019-06-05,16.1
2019-06-06,17.2
2019-06-07,23.3
2019-06-08,12.4
2019-06-09,14.7
2019-06-10,19.8
2019-06-11,16.0
2019-06-12,22.7
2019-06-13,21.3
2019-06-14,17.2
2019-06-15,16.1
2019-06-16,16.0
2019-06-17,14.2
2019-06-18,33.1
2019-06-19,25.3
2019-06-20,18.5
2019-06-21,18.7
2019-06-22,18.7
2019-06-23,16.2
2019-06-24,29.9
2019-06-25,20.1
2019-06-26,8.9
2019-06-27,6.2
2019-06-28,8.8
2019-06-29,20.0
2019-06-30,7.7
2019-07-01,9.8
2019-07-02,12.9
2019-07-03,18.1
2019-07-04,22.7
2019-07-05,17.8
2019-07-06,12.7
2019-07-07,11.5
2019-07-08,21.2
2019-07-09,22.1
2019-07-10,21.5
2019-07-11,20.4
2019-07-12,10.2
2019-07-13,9.7
2019-07-14,10.3
2019-07-15,11.3
2019-07-16,19.9
2019-07-17,21.0
2019-07-18,16.3
2019-07-19,19.3
2019-07-20,9.8
2019-07-21,11.6
2019-07-22,12.6
2019-07-23,21.8
2019-07-24,27.3
2019-07-25,37.0
2019-07-26,22.3
2019-07-27,11.7
2019-07-28,9.9
2019-07-29,15.1
2019-07-30,12.9
2019-07-31,12.5
2019-08-01,14.0
2019-08-02,10.6
2019-08-03,15.4
2019-08-04,20.4
2019-08-05,16.3
2019-08-06,14.0
2019-08-07,16.1
2019-08-08,18.3
2019-08-09,15.0
2019-08-10,9.2
2019-08-11,11.7
2019-08-12,26.2
2019-08-13,16.8
2019-08-14,21.3
2019-08-15,13.7
2019-08-16,18.6
2019-08-17,8.7
2019-08-18,9.7
2019-08-19,12.6
2019-08-20,23.0
2019-08-21,21.2
2019-08-22,17.1
2019-08-23,35.2
2019-08-24,34.6
2019-08-25,32.1
2019-08-26,42.1
2019-08-27,44.8
2019-08-28,17.0
2019-08-29,14.3
2019-08-30,14.1
2019-08-31,16.9
2019-09-01,14.2
2019-09-02,20.9
2019-09-03,15.1
2019-09-04,10.8
2019-09-05,18.7
2019-09-06,25.6
2019-09-07,10.7
2019-09-08,18.0
2019-09-09,23.4
2019-09-10,31.8
2019-09-11,16.6
2019-09-12,15.6
2019-09-13,11.5
2019-09-14,35.0
2019-09-15,26.4
2019-09-16,19.5
2019-09-17,13.8
2019-09-18,24.3
2019-09-19,35.5
2019-09-20,31.3
2019-09-21,32.1
2019-09-22,25.2
2019-09-23,12.4
2019-09-24,19.9
2019-09-25,16.5
2019-09-26,15.7
2019-09-27,15.5
2019-09-28,10.1
2019-09-29,7.3
2019-09-30,19.4
2019-10-01,17.1
2019-10-02,21.0
2019-10-03,31.4
2019-10-04,27.1
2019-10-05,22.9
2019-10-06,11.5
2019-10-07,22.7
2019-10-08,17.3
2019-10-09,17.3
2019-10-10,17.9
2019-10-11,15.6
2019-10-12,25.1
2019-10-13,18.4
2019-10-14,29.3
2019-10-15,21.9
2019-10-16,28.7
2019-10-17,28.8
2019-10-18,17.6
2019-10-19,27.9
2019-10-20,20.0
2019-10-21,15.0
2019-10-22,33.4
2019-10-23,42.8
2019-10-24,34.6
2019-10-25,19.9
2019-10-26,12.6
2019-10-27,23.1
2019-10-28,34.0
2019-10-29,25.6
2019-10-30,31.6
2019-10-31,36.3
2019-11-01,33.1
2019-11-02,11.9
2019-11-03,25.4
2019-11-04,31.4
2019-11-05,22.8
2019-11-06,35.4
2019-11-07,31.9
2019-11-08,33.0
2019-11-09,35.1
2019-11-10,26.7
2019-11-11,25.3
2019-11-12,25.4
2019-11-13,31.4
2019-11-14,35.9
2019-11-15,20.4
2019-11-16,31.3
2019-11-17,39.5
2019-11-18,24.6
2019-11-19,55.5
2019-11-20,36.1
2019-11-21,30.7
2019-11-22,29.4
2019-11-23,27.9
2019-11-24,26.2
2019-11-25,25.9
2019-11-26,24.4
2019-11-27,29.5
2019-11-28,21.2
2019-11-29,36.5
2019-11-30,43.3
2019-12-01,21.4
2019-12-02,43.1
2019-12-03,27.339999999999996
2019-12-04,27.24
2019-12-05,22.880000000000003
2019-12-06,28.9
2019-12-07,27.380000000000003
2019-12-08,29.860000000000003
2019-12-09,28.48
2019-12-10,30.24
2019-12-11,42.019999999999996
2019-12-12,27.419999999999998
2019-12-13,31.080000000000002
2019-12-14,30.48
2019-12-15,33.72
2019-12-16,32.739999999999995
2019-12-17,31.2
2019-12-18,17.1
2019-12-19,17.1
2019-12-20,29.9
2019-12-21,19.0
2019-12-22,20.0
2019-12-23,26.5
2019-12-24,19.1
2019-12-25,27.0
2019-12-26,26.1
2019-12-27,27.3
2019-12-28,29.6
2019-12-29,27.8
2019-12-30,32.2
2019-12-31,32.9
2020-01-01,40.2
2020-01-02,23.7
2020-01-03,23.0
2020-01-04,34.7
2020-01-05,23.0
2020-01-06,26.3
2020-01-07,34.8
2020-01-08,32.2
2020-01-09,22.0
2020-01-10,27.4
2020-01-11,21.0
2020-01-12,17.6
2020-01-13,22.5
2020-01-14,22.8
2020-01-15,27.2
2020-01-16,24.2
2020-01-17,26.7
2020-01-18,35.1
2020-01-19,42.3
2020-01-20,71.3
2020-01-21,69.0
2020-01-22,47.9
2020-01-23,41.2
2020-01-24,42.4
2020-01-25,32.0
2020-01-26,24.5
2020-01-27,30.9
2020-01-28,25.6
2020-01-29,28.7
2020-01-30,26.5
2020-01-31,21.2
2020-02-01,16.8
2020-02-02,19.2
2020-02-03,19.7
2020-02-04,22.2
2020-02-05,55.3
2020-02-06,64.5
2020-02-07,40.0
2020-02-08,20.5
2020-02-09,9.3
2020-02-10,13.8
2020-02-11,16.5
2020-02-12,25.2
2020-02-13,21.0
2020-02-14,32.5
2020-02-15,15.1
2020-02-16,11.1
2020-02-17,15.4
2020-02-18,18.5
2020-02-19,27.9
2020-02-20,22.0
2020-02-21,17.5
2020-02-22,10.0
2020-02-23,17.2
2020-02-24,18.7
2020-02-25,19.6
2020-02-26,25.2
2020-02-27,35.4
2020-02-28,34.4
2020-02-29,16.5
2020-03-01,17.5
2020-03-02,28.0
2020-03-03,34.4
2020-03-04,42.2
2020-03-05,18.5
2020-03-06,33.8
2020-03-07,33.8
2020-03-08,14.9
2020-03-09,20.6
2020-03-10,13.8
2020-03-11,14.6
2020-03-12,14.8
2020-03-13,19.9
2020-03-14,18.3
2020-03-15,17.6
2020-03-16,26.0
2020-03-17,19.6
2020-03-18,17.4
2020-03-19,20.0
2020-03-20,11.8
2020-03-21,11.7
2020-03-22,13.2
2020-03-23,35.0
2020-03-24,35.8
2020-03-25,38.8
2020-03-26,22.4
2020-03-27,15.1
2020-03-28,8.0
2020-03-29,6.8
2020-03-30,10.6
2020-03-31,14.5
2020-04-01,25.7
2020-04-02,14.5
2020-04-03,24.4
2020-04-04,29.1
2020-04-05,17.5
2020-04-06,14.2
2020-04-07,24.7
2020-04-08,31.6
2020-04-09,24.4
2020-04-10,20.8
2020-04-11,32.8
2020-04-12,15.4
2020-04-13,4.2
2020-04-14,11.3
2020-04-15,29.6
2020-04-16,28.8
2020-04-17,8.2
2020-04-18,12.6
2020-04-19,10.9
2020-04-20,9.0
2020-04-21,10.3
2020-04-22,12.6
2020-04-23,17.5
2020-04-24,16.2
2020-04-25,10.1
2020-04-26,17.8
2020-04-27,14.9
2020-04-28,8.8
2020-04-29,8.8
2020-04-30,8.9
2020-05-01,8.2
2020-05-02,11.3
2020-05-03,14.2
2020-05-04,8.0
2020-05-05,5.1
2020-05-06,11.8
2020-05-07,18.2
2020-05-08,22.1
2020-05-09,20.7
2020-05-10,6.7
2020-05-11,3.9
2020-05-12,9.4
2020-05-13,6.0
2020-05-14,7.1
2020-05-15,15.6
2020-05-16,12.6
2020-05-17,13.8
2020-05-18,7.6
2020-05-19,8.7
2020-05-20,17.1
2020-05-21,15.7
2020-05-22,6.1
2020-05-23,2.3
2020-05-24,6.5
2020-05-25,9.9
2020-05-26,11.4
2020-05-27,12.5
2020-05-28,5.2
2020-05-29,8.7
2020-05-30,8.0
2020-05-31,5.9
2020-06-01,8.7
2020-06-02,14.2
2020-06-03,22.3
2020-06-04,6.9
2020-06-05,7.1
2020-06-06,9.8
2020-06-07,8.5
2020-06-08,6.8
2020-06-09,13.4
2020-06-10,15.2
2020-06-11,10.3
2020-06-12,16.4
2020-06-13,15.0
2020-06-14,10.2
2020-06-15,15.9
2020-06-16,13.8
2020-06-17,23.3
2020-06-18,10.9
2020-06-19,7.5
2020-06-20,7.3
2020-06-21,5.3
2020-06-22,6.0
2020-06-23,12.6
2020-06-24,19.7
2020-06-25,15.8
2020-06-26,12.8
2020-06-27,3.2
2020-06-28,1.5
2020-06-29,3.0
2020-06-30,5.9
2020-07-01,5.1
2020-07-02,9.0
2020-07-03,6.2
2020-07-04,3.5
2020-07-05,0.8
2020-07-06,5.4
2020-07-07,14.1
2020-07-08,9.5
2020-07-09,7.2
2020-07-10,7.0
2020-07-11,11.2
2020-07-12,14.9
2020-07-13,12.8
2020-07-14,9.4
2020-07-15,11.2
2020-07-16,10.2
2020-07-17,14.5
2020-07-18,9.6
2020-07-19,8.4
2020-07-20,12.3
2020-07-21,15.8
2020-07-22,15.0
2020-07-23,14.6
2020-07-24,11.2
2020-07-25,10.4
2020-07-26,9.4
2020-07-27,11.1
2020-07-28,11.4
2020-07-29,17.7
2020-07-30,22.6
2020-07-31,24.1
2020-08-01,8.6
2020-08-02,8.1
2020-08-03,10.1
2020-08-04,17.1
2020-08-05,8.4
2020-08-06,18.3
2020-08-07,45.8
2020-08-08,31.7
2020-08-09,8.8
2020-08-10,19.1
2020-08-11,29.8
2020-08-12,27.6
2020-08-13,12.9
2020-08-14,9.0
2020-08-15,12.8
2020-08-16,14.1
2020-08-17,18.9
2020-08-18,10.6
2020-08-19,15.0
2020-08-20,10.9
2020-08-21,16.84
2020-08-22,16.5
2020-08-23,18.56
2020-08-24,19.98
2020-08-25,18.72
2020-08-26,21.54
2020-08-27,19.419999999999998
2020-08-28,11.2
2020-08-29,6.4
2020-08-30,7.7
2020-08-31,18.7
2020-09-01,28.7
2020-09-02,23.7
2020-09-03,11.8
2020-09-04,15.1
2020-09-05,16.4
2020-09-06,20.9
2020-09-07,20.9
2020-09-08,13.2
2020-09-09,15.5
2020-09-10,21.2
2020-09-11,27.8
2020-09-12,10.6
2020-09-13,11.8
2020-09-14,33.9
2020-09-15,41.2
2020-09-16,14.4
2020-09-17,9.2
2020-09-18,14.5
2020-09-19,10.9
2020-09-20,8.3
2020-09-21,35.5
2020-09-22,32.1
2020-09-23,13.0
2020-09-24,15.9
2020-09-25,10.4
2020-09-26,7.4
2020-09-27,5.5
2020-09-28,21.0
2020-09-29,22.2
2020-09-30,18.5
2020-10-01,16.2
2020-10-02,17.1
2020-10-03,17.8
2020-10-04,15.5
2020-10-05,19.1
2020-10-06,14.5
2020-10-07,19.0
2020-10-08,16.7
2020-10-09,29.3
2020-10-10,18.4
2020-10-11,14.0
2020-10-12,29.2
2020-10-13,17.9
2020-10-14,19.3
2020-10-15,18.6
2020-10-16,27.1
2020-10-17,16.9
2020-10-18,24.7
2020-10-19,22.3
2020-10-20,17.2
2020-10-21,25.0
2020-10-22,21.5
2020-10-23,22.0
2020-10-24,14.2
2020-10-25,17.2
2020-10-26,24.6
2020-10-27,22.1
2020-10-28,19.0
2020-10-29,19.3
2020-10-30,15.4
2020-10-31,13.8
2020-11-01,11.2
2020-11-02,10.7
2020-11-03,29.2
2020-11-04,47.9
2020-11-05,58.5
2020-11-06,51.5
2020-11-07,40.9
2020-11-08,30.3
2020-11-09,29.1
2020-11-10,31.0
2020-11-11,18.4
2020-11-12,16.7
2020-11-13,26.2
2020-11-14,14.1
2020-11-15,10.5
2020-11-16,16.7
2020-11-17,14.9
2020-11-18,17.3
2020-11-19,24.5
2020-11-20,38.0
2020-11-21,15.2
2020-11-22,29.7
2020-11-23,45.8
2020-11-24,22.2
2020-11-25,27.0
2020-11-26,46.7
2020-11-27,45.8
2020-11-28,45.7
2020-11-29,36.0
2020-11-30,28.2
2020-12-01,25.6
2020-12-02,52.0
2020-12-03,40.0
2020-12-04,32.2
2020-12-05,31.0
2020-12-06,31.1
2020-12-07,41.0
2020-12-08,50.2
2020-12-09,42.3
2020-12-10,30.4
2020-12-11,40.2
2020-12-12,28.6
2020-12-13,26.1
2020-12-14,23.5
2020-12-15,30.7
2020-12-16,24.7
2020-12-17,22.6
2020-12-18,14.3
2020-12-19,15.1
2020-12-20,18.9
2020-12-21,15.4
2020-12-22,28.2
2020-12-23,18.8
2020-12-24,8.6
2020-12-25,16.7
2020-12-26,10.2
2020-12-27,15.3
2020-12-28,29.3
2020-12-29,16.0
2020-12-30,37.2
2020-12-31,24.8
2021-01-01,22.0
2021-01-02,17.9
2021-01-03,13.0
2021-01-04,10.5
2021-01-05,12.1
2021-01-06,19.2
2021-01-07,33.6
2021-01-08,35.8
2021-01-09,33.9
2021-01-10,26.5
2021-01-11,16.4
2021-01-12,22.4
2021-01-13,39.0
2021-01-14,23.4
2021-01-15,35.2
2021-01-16,24.3
2021-01-17,19.3
2021-01-18,29.3
2021-01-19,11.8
2021-01-20,12.5
2021-01-21,18.1
2021-01-22,34.4
2021-01-23,29.7
2021-01-24,41.8
2021-01-25,34.7
2021-01-26,42.2
2021-01-27,38.8
2021-01-28,24.1
2021-01-29,21.4
2021-01-30,18.9
2021-01-31,22.5
2021-02-01,25.1
2021-02-02,23.5
2021-02-03,26.9
2021-02-04,31.8
2021-02-05,23.1
2021-02-06,22.0
2021-02-07,7.8
2021-02-08,13.1
2021-02-09,15.0
2021-02-10,24.7
2021-02-11,29.2
2021-02-12,21.9
2021-02-13,19.0
2021-02-14,16.9
2021-02-15,25.3
2021-02-16,23.8
2021-02-17,17.9
2021-02-18,17.1
2021-02-19,19.5
2021-02-20,14.1
2021-02-21,25.1
2021-02-22,46.3
2021-02-23,19.0
2021-02-24,19.1
2021-02-25,27.4
2021-02-26,45.5
2021-02-27,44.5
2021-02-28,24.9
2021-03-01,18.2
2021-03-02,29.3
2021-03-03,44.5
2021-03-04,21.9
2021-03-05,16.9
2021-03-06,23.3
2021-03-07,34.1
2021-03-08,56.9
2021-03-09,28.9
2021-03-10,17.6
2021-03-11,9.6
2021-03-12,15.0
2021-03-13,11.0
2021-03-14,10.6
2021-03-15,19.7
2021-03-16,20.9
2021-03-17,20.8
2021-03-18,20.8
2021-03-19,14.9
2021-03-20,21.4
2021-03-21,19.9
2021-03-22,30.3
2021-03-23,30.7
2021-03-24,24.6
2021-03-25,21.6
2021-03-26,15.8
2021-03-27,10.0
2021-03-28,8.4
2021-03-29,19.1
2021-03-30,58.0
2021-03-31,72.3
2021-04-01,18.5
2021-04-02,6.0
2021-04-03,7.2
2021-04-04,13.0
2021-04-05,7.7
2021-04-06,12.7
2021-04-07,17.7
2021-04-08,20.6
2021-04-09,17.8
2021-04-10,9.6
2021-04-11,14.4
2021-04-12,35.0
2021-04-13,47.8
2021-04-14,23.6
2021-04-15,19.8
2021-04-16,27.0
2021-04-17,25.3
2021-04-18,23.8
2021-04-19,34.5
2021-04-20,32.7
2021-04-21,26.3
2021-04-22,11.8
2021-04-23,21.4
2021-04-24,18.0
2021-04-25,5.2
2021-04-26,7.4
2021-04-27,37.6
2021-04-28,17.9
2021-04-29,15.5
2021-04-30,20.6
2021-05-01,16.5
2021-05-02,21.1
2021-05-03,10.6
2021-05-04,8.7
2021-05-05,16.8
2021-05-06,22.4
2021-05-07,16.7
2021-05-08,13.8
2021-05-09,12.5
2021-05-10,13.0
2021-05-11,21.0
2021-05-12,15.3
2021-05-13,25.4
2021-05-14,17.7
2021-05-15,17.0
2021-05-16,12.2
2021-05-17,18.1
2021-05-18,21.5
2021-05-19,18.7
2021-05-20,16.7
2021-05-21,8.8
2021-05-22,12.1
2021-05-23,10.4
2021-05-24,13.8
2021-05-25,14.7
2021-05-26,19.3
2021-05-27,20.5
2021-05-28,30.4
2021-05-29,13.4
2021-05-30,6.9
2021-05-31,11.2
2021-06-01,16.6
2021-06-02,29.1
2021-06-03,13.9
2021-06-04,19.4
2021-06-05,13.0
2021-06-06,16.7
2021-06-07,17.6
2021-06-08,18.3
2021-06-09,17.4
2021-06-10,15.1
2021-06-11,10.9
2021-06-12,11.3
2021-06-13,14.0
2021-06-14,14.5
2021-06-15,21.3
2021-06-16,25.6
2021-06-17,17.1
2021-06-18,14.1
2021-06-19,9.9
2021-06-20,10.3
2021-06-21,11.6
2021-06-22,12.7
2021-06-23,18.9
2021-06-24,26.5
2021-06-25,15.4
2021-06-26,12.3
2021-06-27,10.5
2021-06-28,13.5
2021-06-29,12.7
2021-06-30,13.4
2021-07-01,16.6
2021-07-02,24.0
2021-07-03,12.9
2021-07-04,9.0
2021-07-05,11.3
2021-07-06,12.1
2021-07-07,12.1
2021-07-08,15.3
2021-07-09,17.9
2021-07-10,24.1
2021-07-11,16.4
2021-07-12,18.5
2021-07-13,13.6
2021-07-14,13.5
2021-07-15,12.8
2021-07-16,14.1
2021-07-17,16.1
2021-07-18,20.6
2021-07-19,28.9
2021-07-20,27.0
2021-07-21,22.7
2021-07-22,17.9
2021-07-23,9.2
2021-07-24,11.8
2021-07-25,12.6
2021-07-26,14.4
2021-07-27,12.8
2021-07-28,11.6
2021-07-29,9.7
2021-07-30,9.8
2021-07-31,14.0
2021-08-01,8.6
2021-08-02,11.9
2021-08-03,19.9
2021-08-04,20.5
2021-08-05,13.1
2021-08-06,8.3
2021-08-07,10.4
2021-08-08,7.9
2021-08-09,11.8
2021-08-10,12.6
2021-08-11,14.4
2021-08-12,12.2
2021-08-13,13.2
2021-08-14,12.9
2021-08-15,10.1
2021-08-16,15.2
2021-08-17,21.5
2021-08-18,14.5
2021-08-19,17.4
2021-08-20,17.5
2021-08-21,22.1
2021-08-22,13.5
2021-08-23,13.1
2021-08-24,10.5
2021-08-25,12.7
2021-08-26,9.9
2021-08-27,14.0
2021-08-28,17.9
2021-08-29,15.5
2021-08-30,10.3
2021-08-31,11.7
2021-09-01,13.0
2021-09-02,9.6
2021-09-03,14.1
2021-09-04,12.2
2021-09-05,18.5
2021-09-06,39.2
2021-09-07,36.2
2021-09-08,31.0
2021-09-09,15.5
2021-09-10,13.9
2021-09-11,12.3
2021-09-12,15.5
2021-09-13,10.5
2021-09-14,20.2
2021-09-15,16.0
2021-09-16,20.9
2021-09-17,14.8
2021-09-18,23.3
2021-09-19,17.5
2021-09-20,16.7
2021-09-21,25.7
2021-09-22,26.4
2021-09-23,20.9
2021-09-24,18.8
2021-09-25,20.2
2021-09-26,18.6
2021-09-27,11.0
2021-09-28,15.5
2021-09-29,18.8
2021-09-30,20.2
2021-10-01,17.3
2021-10-02,20.5
2021-10-03,13.7
2021-10-04,16.4
2021-10-05,22.18
2021-10-06,14.7
2021-10-07,19.04
2021-10-08,21.88
2021-10-09,28.02
2021-10-10,24.3
2021-10-11,19.419999999999998
2021-10-12,22.56
2021-10-13,17.339999999999996
2021-10-14,19.619999999999997
2021-10-15,18.880000000000003
2021-10-16,23.0
2021-10-17,23.66
2021-10-18,22.419999999999998
2021-10-19,25.4
2021-10-20,26.580000000000002
2021-10-21,21.48
2021-10-22,22.4
2021-10-23,28.24
2021-10-24,22.660000000000004
2021-10-25,22.1
2021-10-26,20.880000000000003
2021-10-27,20.48
2021-10-28,20.7
2021-10-29,21.06
2021-10-30,22.02
2021-10-31,26.839999999999996
2021-11-01,22.080000000000002
2021-11-02,18.84
2021-11-03,26.560000000000002
2021-11-04,30.619999999999997
2021-11-05,30.1
2021-11-06,27.439999999999998
2021-11-07,26.775
2021-11-08,25.2
2021-11-09,25.36
2021-11-10,25.0
2021-11-11,21.880000000000003
2021-11-12,24.975
2021-11-13,25.72
2021-11-14,26.54
2021-11-15,21.4
2021-11-16,25.98
2021-11-17,28.080000000000002
2021-11-18,20.28
2021-11-19,25.419999999999998
2021-11-20,27.04
2021-11-21,24.3
2021-11-22,32.46
2021-11-23,31.4
2021-11-24,22.839999999999996
2021-11-25,30.7
2021-11-26,21.5
2021-11-27,10.5
2021-11-28,17.4
2021-11-29,40.8
2021-11-30,20.1
2021-12-01,11.8
2021-12-02,28.8
2021-12-03,37.3
2021-12-04,23.9
2021-12-05,11.0
2021-12-06,30.2
2021-12-07,28.6
2021-12-08,17.4
2021-12-09,30.8
2021-12-10,17.1
2021-12-11,36.8
2021-12-12,15.0
2021-12-13,21.3
2021-12-14,23.6
2021-12-15,28.0
2021-12-16,34.3
2021-12-17,18.5
2021-12-18,13.2
2021-12-19,20.6
2021-12-20,16.0
2021-12-21,34.2
2021-12-22,49.7
2021-12-23,29.2
2021-12-24,28.4
2021-12-25,13.0
2021-12-26,26.9
2021-12-27,21.8
2021-12-28,13.7
2021-12-29,16.0
2021-12-30,7.8
2021-12-31,11.2
2022-01-01,12.6
2022-01-02,7.6
2022-01-03,11.0
2022-01-04,19.6
2022-01-05,23.3
2022-01-06,36.4
2022-01-07,20.6
2022-01-08,19.2
2022-01-09,29.2
2022-01-10,44.8
2022-01-11,27.1
2022-01-12,54.8
2022-01-13,62.9
2022-01-14,68.1
2022-01-15,45.0
2022-01-16,27.2
2022-01-17,52.3
2022-01-18,65.5
2022-01-19,29.6
2022-01-20,26.2
2022-01-21,52.8
2022-01-22,20.7
2022-01-23,17.8
2022-01-24,23.8
2022-01-25,28.2
2022-01-26,33.6
2022-01-27,24.6
2022-01-28,40.2
2022-01-29,12.2
2022-01-30,21.5
2022-01-31,14.9
2022-02-01,16.1
2022-02-02,25.2
2022-02-03,21.2
2022-02-04,18.3
2022-02-05,15.8
2022-02-06,7.2
2022-02-07,22.3
2022-02-08,15.8
2022-02-09,21.2
2022-02-10,19.9
2022-02-11,34.8
2022-02-12,21.6
2022-02-13,13.9
2022-02-14,16.4
2022-02-15,26.2
2022-02-16,12.5
2022-02-17,15.1
2022-02-18,13.0
2022-02-19,16.4
2022-02-20,10.1
2022-02-21,15.3
2022-02-22,26.1
2022-02-23,27.8
2022-02-24,19.0
2022-02-25,39.5
2022-02-26,43.9
2022-02-27,16.8
2022-02-28,26.0
2022-03-01,25.1
2022-03-02,49.8
2022-03-03,38.8
2022-03-04,30.0
2022-03-05,15.3
2022-03-06,12.8
2022-03-07,19.3
2022-03-08,30.3
2022-03-09,20.1
2022-03-10,23.8
2022-03-11,18.8
2022-03-12,14.8
2022-03-13,18.6
2022-03-14,33.0
2022-03-15,37.7
2022-03-16,35.3
2022-03-17,29.1
2022-03-18,34.1
2022-03-19,16.2
2022-03-20,19.9
2022-03-21,51.4
2022-03-22,45.7
2022-03-23,54.1
2022-03-24,60.2
2022-03-25,42.0
2022-03-26,28.3
2022-03-27,21.0
2022-03-28,35.9
2022-03-29,15.1
2022-03-30,15.3
2022-03-31,15.0
2022-04-01,19.4
2022-04-02,27.3
2022-04-03,22.9
2022-04-04,16.4
2022-04-05,13.2
2022-04-06,11.7
2022-04-07,11.3
2022-04-08,24.9
2022-04-09,20.6
2022-04-10,26.8
2022-04-11,34.5
2022-04-12,26.7
2022-04-13,21.6
2022-04-14,25.8
2022-04-15,36.1
2022-04-16,26.0
2022-04-17,20.0
2022-04-18,18.1
2022-04-19,18.8
2022-04-20,14.7
2022-04-21,17.5
2022-04-22,14.2
2022-04-23,13.9
2022-04-24,12.9
2022-04-25,16.2
2022-04-26,19.0
2022-04-27,17.7
2022-04-28,13.1
2022-04-29,18.1
2022-04-30,23.2
2022-05-01,20.1
2022-05-02,25.8
2022-05-03,22.8
2022-05-04,22.0
2022-05-05,22.6
2022-05-06,24.7
2022-05-07,11.4
2022-05-08,8.1
2022-05-09,17.9
2022-05-10,14.1
2022-05-11,16.3
2022-05-12,16.0
2022-05-13,11.7
2022-05-14,22.3
2022-05-15,30.2
2022-05-16,17.1
2022-05-17,20.5
2022-05-18,13.8
2022-05-19,15.0
2022-05-20,17.5
2022-05-21,15.0
2022-05-22,19.3
2022-05-23,17.7
2022-05-24,16.0
2022-05-25,14.6
2022-05-26,12.9
2022-05-27,11.2
2022-05-28,9.8
2022-05-29,8.8
2022-05-30,22.8
2022-05-31,22.3
2022-06-01,19.7
2022-06-02,24.3
2022-06-03,12.5
2022-06-04,5.6
2022-06-05,10.8
2022-06-06,16.2
2022-06-07,18.5
2022-06-08,10.3
2022-06-09,12.1
2022-06-10,9.1
2022-06-11,8.1
2022-06-12,6.6
2022-06-13,11.9
2022-06-14,17.3
2022-06-15,27.7
2022-06-16,27.1
2022-06-17,20.0
2022-06-18,13.5
2022-06-19,7.1
2022-06-20,9.8
2022-06-21,20.6
2022-06-22,15.9
2022-06-23,20.3
2022-06-24,10.3
2022-06-25,7.9
2022-06-26,7.8
2022-06-27,11.6
2022-06-28,12.1
2022-06-29,13.0
2022-06-30,12.9
2022-07-01,11.3
2022-07-02,8.6
2022-07-03,8.1
2022-07-04,11.2
2022-07-05,11.2
2022-07-06,10.7
2022-07-07,16.2
2022-07-08,18.2
2022-07-09,11.7
2022-07-10,13.6
2022-07-11,16.0
2022-07-12,19.5
2022-07-13,11.4
2022-07-14,12.6
2022-07-15,11.8
2022-07-16,12.4
2022-07-17,16.0
2022-07-18,30.8
2022-07-19,25.2
2022-07-20,9.6
2022-07-21,10.8
2022-07-22,8.2
2022-07-23,9.7
2022-07-24,6.8
2022-07-25,6.6
2022-07-26,6.9
2022-07-27,15.2
2022-07-28,11.5
2022-07-29,12.0
2022-07-30,9.8
2022-07-31,5.2
2022-08-01,8.5
2022-08-02,7.4
2022-08-03,7.9
2022-08-04,8.8
2022-08-05,5.6
2022-08-06,7.2
2022-08-07,16.0
2022-08-08,11.2
2022-08-09,11.9
2022-08-10,11.6
2022-08-11,13.5
2022-08-12,12.1
2022-08-13,15.5
2022-08-14,21.4
2022-08-15,20.0
2022-08-16,25.8
2022-08-17,21.2
2022-08-18,10.6
2022-08-19,9.5
2022-08-20,10.5
2022-08-21,9.4
2022-08-22,14.3
2022-08-23,11.3
2022-08-24,12.7
2022-08-25,17.9
2022-08-26,18.8
2022-08-27,16.9
2022-08-28,8.9
2022-08-29,7.5
2022-08-30,8.3
2022-08-31,8.0
2022-09-01,11.1
2022-09-02,22.4
2022-09-03,20.2
2022-09-04,8.4
2022-09-05,14.6
2022-09-06,13.1
2022-09-07,13.6
2022-09-08,15.2
2022-09-09,14.1
2022-09-10,15.4
2022-09-11,14.5
2022-09-12,22.2
2022-09-13,15.3
2022-09-14,14.9
2022-09-15,14.9
2022-09-16,13.7
2022-09-17,14.3
2022-09-18,12.3
2022-09-19,10.2
2022-09-20,24.9
2022-09-21,33.6
2022-09-22,20.8
2022-09-23,15.6
2022-09-24,10.2
2022-09-25,10.7
2022-09-26,9.3
2022-09-27,12.7
2022-09-28,18.7
2022-09-29,29.5
2022-09-30,19.4
2022-10-01,11.0
2022-10-02,14.6
2022-10-03,26.9
2022-10-04,13.9
2022-10-05,10.4
2022-10-06,14.4
2022-10-07,12.7
2022-10-08,18.4
2022-10-09,19.6
2022-10-10,19.8
2022-10-11,35.5
2022-10-12,25.5
2022-10-13,27.7
2022-10-14,27.4
2022-10-15,15.1
2022-10-16,11.7
2022-10-17,17.6
2022-10-18,28.3
2022-10-19,20.1
2022-10-20,28.8
2022-10-21,20.6
2022-10-22,13.6
2022-10-23,19.1
2022-10-24,11.4
2022-10-25,18.1
2022-10-26,16.3
2022-10-27,21.4
2022-10-28,20.5
2022-10-29,25.1
2022-10-30,14.4
2022-10-31,17.7
2022-11-01,11.0
2022-11-02,13.3
2022-11-03,27.3
2022-11-04,28.3
2022-11-05,20.0
2022-11-06,10.8
2022-11-07,13.5
2022-11-08,12.9
2022-11-09,15.8
2022-11-10,14.6
2022-11-11,16.4
2022-11-12,24.8
2022-11-13,24.8
2022-11-14,28.1
2022-11-15,15.8
2022-11-16,17.8
2022-11-17,16.1
2022-11-18,17.9
2022-11-19,20.6
2022-11-20,20.3
2022-11-21,23.4
2022-11-22,26.1
2022-11-23,19.5
2022-11-24,18.3
2022-11-25,23.6
2022-11-26,18.2
2022-11-27,17.3
2022-11-28,31.5
2022-11-29,23.6
2022-11-30,27.9
2022-12-01,26.8
2022-12-02,18.5
2022-12-03,11.1
2022-12-04,12.7
2022-12-05,18.3
2022-12-06,22.5
2022-12-07,29.5
2022-12-08,46.1
2022-12-09,45.0
2022-12-10,52.1
2022-12-11,51.2
2022-12-12,29.9
2022-12-13,54.1
2022-12-14,29.3
2022-12-15,44.5
2022-12-16,58.8
2022-12-17,66.2
2022-12-18,27.5
2022-12-19,12.7
2022-12-20,23.1
2022-12-21,27.0
2022-12-22,23.6
2022-12-23,19.6
2022-12-24,16.6
2022-12-25,11.9
2022-12-26,10.6
2022-12-27,14.0
2022-12-28,8.8
2022-12-29,9.5
2022-12-30,11.9
2022-12-31,8.2
2023-01-01,9.1
2023-01-02,23.3
2023-01-03,21.3
2023-01-04,10.0
2023-01-05,13.0
2023-01-06,14.8
2023-01-07,9.1
2023-01-08,12.7
2023-01-09,17.4
2023-01-10,16.1
2023-01-11,11.6
2023-01-12,8.2
2023-01-13,11.6
2023-01-14,11.0
2023-01-15,12.0
2023-01-16,22.9
2023-01-17,61.9
2023-01-18,43.7
2023-01-19,43.3
2023-01-20,26.9
2023-01-21,38.5
2023-01-22,53.6
2023-01-23,53.3
2023-01-24,33.3
2023-01-25,48.3
2023-01-26,16.0
2023-01-27,26.3
2023-01-28,26.1
2023-01-29,22.4
2023-01-30,27.2
2023-01-31,25.4
2023-02-01,17.8
2023-02-02,20.8
2023-02-03,19.9
2023-02-04,22.7
2023-02-05,20.8
2023-02-06,54.8
2023-02-07,65.3
2023-02-08,54.7
2023-02-09,42.8
2023-02-10,50.9
2023-02-11,22.5
2023-02-12,15.4
2023-02-13,31.1
2023-02-14,59.9
2023-02-15,37.7
2023-02-16,18.2
2023-02-17,12.2
2023-02-18,11.4
2023-02-19,12.6
2023-02-20,15.9
2023-02-21,22.8
2023-02-22,25.2
2023-02-23,17.6
2023-02-24,29.3
2023-02-25,10.9
2023-02-26,13.9
2023-02-27,17.6
2023-02-28,18.0
2023-03-01,13.4
2023-03-02,17.1
2023-03-03,14.8
2023-03-04,10.5
2023-03-05,14.1
2023-03-06,25.0
2023-03-07,27.0
2023-03-08,25.9
2023-03-09,29.3
2023-03-10,23.0
2023-03-11,30.8
2023-03-12,11.8
2023-03-13,7.5
2023-03-14,10.9
2023-03-15,22.2
2023-03-16,21.5
2023-03-17,21.0
2023-03-18,19.2
2023-03-19,11.3
2023-03-20,14.5
2023-03-21,12.8
2023-03-22,9.9
2023-03-23,7.9
2023-03-24,7.6
2023-03-25,5.4
2023-03-26,8.0
2023-03-27,10.4
2023-03-28,15.4
2023-03-29,15.3
2023-03-30,7.3
2023-03-31,10.6
2023-04-01,5.8
2023-04-02,4.9
2023-04-03,15.2
2023-04-04,33.4
2023-04-05,19.0
2023-04-06,12.0
2023-04-07,11.1
2023-04-08,16.8
2023-04-09,14.0
2023-04-10,9.9
2023-04-11,10.1
2023-04-12,9.2
2023-04-13,10.7
2023-04-14,16.4
2023-04-15,12.7
2023-04-16,20.9
2023-04-17,15.0
2023-04-18,7.2
2023-04-19,8.7
2023-04-20,10.0
2023-04-21,17.4
2023-04-22,24.8
2023-04-23,10.8
2023-04-24,11.4
2023-04-25,13.4
2023-04-26,18.0
2023-04-27,26.4
2023-04-28,16.2
2023-04-29,23.1
2023-04-30,15.9
2023-05-01,11.1
2023-05-02,11.2
2023-05-03,12.1
2023-05-04,17.1
2023-05-05,13.0
2023-05-06,17.0
2023-05-07,11.6
2023-05-08,14.8
2023-05-09,13.8
2023-05-10,14.4
2023-05-11,20.8
2023-05-12,8.8
2023-05-13,7.1
2023-05-14,10.3
2023-05-15,9.8
2023-05-16,14.0
2023-05-17,15.2
2023-05-18,19.9
2023-05-19,16.7
2023-05-20,7.9
2023-05-21,6.2
2023-05-22,9.1
2023-05-23,13.9
2023-05-24,14.0
2023-05-25,9.9
2023-05-26,7.0
2023-05-27,8.7
2023-05-28,8.4
2023-05-29,4.7
2023-05-30,5.7
2023-05-31,5.5
2023-06-01,4.7
2023-06-02,4.3
2023-06-03,7.1
2023-06-04,6.3
2023-06-05,4.2
2023-06-06,4.4
2023-06-07,5.6
2023-06-08,4.4
2023-06-09,7.5
2023-06-10,11.3
2023-06-11,20.0
2023-06-12,22.5
2023-06-13,13.4
2023-06-14,12.7
2023-06-15,13.2
2023-06-16,14.5
2023-06-17,19.8
2023-06-18,17.9
2023-06-19,10.1
2023-06-20,18.5
2023-06-21,10.2
2023-06-22,15.6
2023-06-23,21.3
2023-06-24,11.8
2023-06-25,11.4
2023-06-26,9.4
2023-06-27,15.2
2023-06-28,14.8
2023-06-29,15.2
2023-06-30,14.9
2023-07-01,8.4
2023-07-02,10.5
2023-07-03,10.6
2023-07-04,14.3
2023-07-05,12.0
2023-07-06,13.8
2023-07-07,23.0
2023-07-08,22.8
2023-07-09,9.8
2023-07-10,11.2
2023-07-11,10.1
2023-07-12,11.3
2023-07-13,13.5
2023-07-14,16.8
2023-07-15,6.8
2023-07-16,6.8
2023-07-17,10.3
2023-07-18,15.8
2023-07-19,12.2
2023-07-20,13.4
2023-07-21,14.5
2023-07-22,10.2
2023-07-23,6.6
2023-07-24,12.1
2023-07-25,13.0
2023-07-26,17.0
2023-07-27,10.8
2023-07-28,10.6
2023-07-29,8.0
2023-07-30,7.7
2023-07-31,11.2
2023-08-01,9.5
2023-08-02,11.2
2023-08-03,11.9
2023-08-04,13.9
2023-08-05,13.5
2023-08-06,8.4
2023-08-07,12.7
2023-08-08,15.5
2023-08-09,12.3
2023-08-10,13.1
2023-08-11,8.7
2023-08-12,6.5
2023-08-13,5.5
2023-08-14,10.0
2023-08-15,14.5
2023-08-16,14.1
2023-08-17,8.0
2023-08-18,14.0
2023-08-19,8.0
2023-08-20,7.4
2023-08-21,9.0
2023-08-22,10.9
2023-08-23,15.9
2023-08-24,25.7
2023-08-25,10.1
2023-08-26,12.7
2023-08-27,6.9
2023-08-28,7.4
2023-08-29,12.0
2023-08-30,9.1
2023-08-31,20.2
2023-09-01,18.4
2023-09-02,7.8
2023-09-03,13.2
2023-09-04,13.1
2023-09-05,20.2
2023-09-06,27.3
2023-09-07,24.5
2023-09-08,40.0
2023-09-09,39.6
2023-09-10,21.8
2023-09-11,10.6
2023-09-12,12.2
2023-09-13,8.3
2023-09-14,14.9
2023-09-15,23.7
2023-09-16,14.7
2023-09-17,9.9
2023-09-18,8.3
2023-09-19,6.5
2023-09-20,7.0
2023-09-21,13.1
2023-09-22,13.2
2023-09-23,11.0
2023-09-24,8.9
2023-09-25,8.6
2023-09-26,11.1
2023-09-27,12.9
2023-09-28,8.4
2023-09-29,12.7
2023-09-30,16.1
2023-10-01,11.3
2023-10-02,22.0
2023-10-03,11.7
2023-10-04,14.7
2023-10-05,12.8
2023-10-06,13.3
2023-10-07,15.3
2023-10-08,23.7
2023-10-09,38.1
2023-10-10,17.5
2023-10-11,11.6
2023-10-12,18.5
2023-10-13,7.5
2023-10-14,11.2
2023-10-15,14.4
2023-10-16,22.8
2023-10-17,17.7
2023-10-18,17.2
2023-10-19,15.1
2023-10-20,15.4
2023-10-21,13.2
2023-10-22,15.4
2023-10-23,27.1
2023-10-24,26.9
2023-10-25,26.8
2023-10-26,26.0
2023-10-27,21.4
2023-10-28,14.6
2023-10-29,11.6
2023-10-30,23.3
2023-10-31,22.5
2023-11-01,13.7
2023-11-02,10.9
2023-11-03,16.0
2023-11-04,16.6
2023-11-05,12.6
2023-11-06,15.2
2023-11-07,26.775
2023-11-08,25.2
2023-11-09,18.5
2023-11-10,25.0
2023-11-11,25.2
2023-11-12,24.975
2023-11-13,13.2
2023-11-14,19.4
2023-11-15,24.2
2023-11-16,34.7
2023-11-17,33.7
2023-11-18,13.5
2023-11-19,8.1
2023-11-20,15.5
2023-11-21,12.2
2023-11-22,30.9
2023-11-23,19.2
2023-11-24,10.2
2023-11-25,24.6
2023-11-26,38.2
2023-11-27,15.7
2023-11-28,24.8
2023-11-29,32.9
2023-11-30,31.3
2023-12-01,24.4
2023-12-02,28.3
2023-12-03,25.5
2023-12-04,16.3
2023-12-05,15.5
2023-12-06,35.9
2023-12-07,17.9
2023-12-08,21.5
2023-12-09,9.3
2023-12-10,10.5
2023-12-11,24.3
2023-12-12,25.6
2023-12-13,10.9
2023-12-14,31.8
2023-12-15,41.1
2023-12-16,12.8
2023-12-17,9.3
2023-12-18,10.5
2023-12-19,16.1
2023-12-20,16.8
2023-12-21,7.2
2023-12-22,7.3
2023-12-23,7.3
2023-12-24,4.9
2023-12-25,4.7
2023-12-26,20.0
2023-12-27,12.6
2023-12-28,5.5
2023-12-29,8.4
2023-12-30,10.3
2023-12-31,5.2
2024-01-01,7.9
2024-01-02,8.4
2024-01-03,10.1
2024-01-04,18.6
2024-01-05,14.7
2024-01-06,14.4
2024-01-07,12.6
2024-01-08,9.2
2024-01-09,9.3
2024-01-10,17.0
2024-01-11,19.7
2024-01-12,10.8
2024-01-13,18.4
2024-01-14,17.4
2024-01-15,28.6
2024-01-16,48.7
2024-01-17,46.0
2024-01-18,40.9
2024-01-19,49.8
2024-01-20,21.3
2024-01-21,10.1
2024-01-22,11.0
2024-01-23,15.8
2024-01-24,14.3
2024-01-25,23.4
2024-01-26,20.5
2024-01-27,29.4
2024-01-28,28.6
2024-01-29,25.8
2024-01-30,14.7
2024-01-31,14.2
2024-02-01,22.0
2024-02-02,13.6
2024-02-03,11.2
2024-02-04,9.7
2024-02-05,8.4
2024-02-06,7.4
2024-02-07,16.6
2024-02-08,29.0
2024-02-09,15.2
2024-02-10,19.4
2024-02-11,18.8
2024-02-12,19.6
2024-02-13,18.8
2024-02-14,14.2
2024-02-15,19.6
2024-02-16,18.1
2024-02-17,15.2
2024-02-18,13.0
2024-02-19,17.9
2024-02-20,16.0
2024-02-21,13.0
2024-02-22,14.0
2024-02-23,17.8
2024-02-24,29.9
2024-02-25,24.3
2024-02-26,8.5
2024-02-27,21.8
2024-02-28,20.8
2024-02-29,14.1
2024-03-01,11.2
2024-03-02,12.1
2024-03-03,26.4
2024-03-04,21.0
2024-03-05,16.7
2024-03-06,27.6
2024-03-07,14.8
2024-03-08,15.5
2024-03-09,17.2
2024-03-10,17.1
2024-03-11,13.3
2024-03-12,20.7
2024-03-13,10.0
2024-03-14,13.8
2024-03-15,9.7
2024-03-16,12.0
2024-03-17,12.7
2024-03-18,11.0
2024-03-19,11.9
2024-03-20,20.3
2024-03-21,15.0
2024-03-22,13.4
2024-03-23,9.7
2024-03-24,13.3
2024-03-25,18.4
2024-03-26,25.1
2024-03-27,12.5
2024-03-28,9.4
2024-03-29,9.6
2024-03-30,17.9
2024-03-31,14.8
2024-04-01,10.0
2024-04-02,10.2
2024-04-03,11.5
2024-04-04,10.5
2024-04-05,9.8
2024-04-06,8.0
2024-04-07,6.3
2024-04-08,12.1
2024-04-09,9.3
2024-04-10,13.1
2024-04-11,10.7
2024-04-12,9.9
2024-04-13,9.1
2024-04-14,7.3
2024-04-15,5.9
2024-04-16,10.2
2024-04-17,9.7
2024-04-18,9.0
2024-04-19,7.1
2024-04-20,5.9
2024-04-21,3.8
2024-04-22,8.0
2024-04-23,9.7
2024-04-24,8.1
2024-04-25,20.7
2024-04-26,13.2
2024-04-27,6.6
2024-04-28,6.6
2024-04-29,9.6
2024-04-30,13.3
2024-05-01,20.4
2024-05-02,10.7
2024-05-03,13.0
2024-05-04,14.2
2024-05-05,17.3
2024-05-06,18.1
2024-05-07,10.7
2024-05-08,13.1
2024-05-09,15.8
2024-05-10,20.4
2024-05-11,11.5
2024-05-12,14.2
2024-05-13,7.7
2024-05-14,11.9
2024-05-15,10.2
2024-05-16,21.5
2024-05-17,15.9
2024-05-18,11.3
2024-05-19,5.2
2024-05-20,5.3
2024-05-21,9.5
2024-05-22,13.8
2024-05-23,7.2
2024-05-24,12.6
2024-05-25,15.1
2024-05-26,6.4
2024-05-27,5.0
2024-05-28,9.4
2024-05-29,5.8
2024-05-30,5.5
2024-05-31,5.4
2024-06-01,4.0
2024-06-02,6.9
2024-06-03,8.5
2024-06-04,11.9
2024-06-05,9.0
2024-06-06,12.4
2024-06-07,11.9
2024-06-08,6.3
2024-06-09,6.8
2024-06-10,7.9
2024-06-11,10.3
2024-06-12,22.4
2024-06-13,13.8
2024-06-14,9.3
2024-06-15,8.3
2024-06-16,7.7
2024-06-17,11.3
2024-06-18,12.8
2024-06-19,7.0
2024-06-20,11.2
2024-06-21,17.7
2024-06-22,9.2
2024-06-23,10.4
2024-06-24,15.9
2024-06-25,21.4
2024-06-26,13.6
2024-06-27,11.1
2024-06-28,11.4
2024-06-29,13.9
2024-06-30,10.4
2024-07-01,8.6
2024-07-02,12.9
2024-07-03,13.4
2024-07-04,7.5
2024-07-05,10.4
2024-07-06,10.1
2024-07-07,8.9
2024-07-08,12.4
2024-07-09,15.9
2024-07-10,8.5
2024-07-11,10.2
2024-07-12,7.7
2024-07-13,10.2
2024-07-14,11.5
2024-07-15,20.3
2024-07-16,11.6
2024-07-17,12.0
2024-07-18,17.9
2024-07-19,22.5
2024-07-20,9.7
2024-07-21,6.8
2024-07-22,9.5
2024-07-23,9.2
2024-07-24,15.3
2024-07-25,11.3
2024-07-26,12.1
2024-07-27,13.0
2024-07-28,13.6
2024-07-29,17.4
2024-07-30,11.9
