Date,PM10_weighted_value(ug m-3)
2018-01-01,33.0
2018-01-02,55.0
2018-01-03,46.0
2018-01-04,24.0
2018-01-05,47.0
2018-01-06,31.0
2018-01-07,17.0
2018-01-08,30.0
2018-01-09,49.2
2018-01-10,38.0
2018-01-11,33.0
2018-01-12,46.0
2018-01-13,36.0
2018-01-14,32.0
2018-01-15,12.0
2018-01-16,18.0
2018-01-17,25.0
2018-01-18,20.0
2018-01-19,24.0
2018-01-20,14.0
2018-01-21,18.0
2018-01-22,26.0
2018-01-23,17.0
2018-01-24,12.0
2018-01-25,34.0
2018-01-26,44.0
2018-01-27,23.0
2018-01-28,10.0
2018-01-29,24.0
2018-01-30,38.0
2018-01-31,14.0
2018-02-01,27.0
2018-02-02,35.0
2018-02-03,19.0
2018-02-04,14.0
2018-02-05,30.0
2018-02-06,30.0
2018-02-07,36.0
2018-02-08,69.0
2018-02-09,39.0
2018-02-10,42.0
2018-02-11,38.0
2018-02-12,63.0
2018-02-13,24.0
2018-02-14,27.0
2018-02-15,26.0
2018-02-16,38.0
2018-02-17,46.0
2018-02-18,33.0
2018-02-19,32.0
2018-02-20,15.0
2018-02-21,64.0
2018-02-22,41.0
2018-02-23,39.0
2018-02-24,38.0
2018-02-25,22.0
2018-02-26,33.0
2018-02-27,38.0
2018-02-28,27.0
2018-03-01,45.0
2018-03-02,47.0
2018-03-03,70.0
2018-03-04,27.0
2018-03-05,32.0
2018-03-06,26.0
2018-03-07,31.0
2018-03-08,20.0
2018-03-09,36.0
2018-03-10,29.0
2018-03-11,35.0
2018-03-12,17.0
2018-03-13,36.0
2018-03-14,35.0
2018-03-15,32.0
2018-03-16,42.0
2018-03-17,23.0
2018-03-18,35.0
2018-03-19,40.0
2018-03-20,30.0
2018-03-21,34.0
2018-03-22,32.0
2018-03-23,35.0
2018-03-24,50.0
2018-03-25,48.0
2018-03-26,30.0
2018-03-27,20.0
2018-03-28,18.0
2018-03-29,35.0
2018-03-30,18.0
2018-03-31,22.0
2018-04-01,24.0
2018-04-02,16.0
2018-04-03,26.0
2018-04-04,24.0
2018-04-05,29.0
2018-04-06,34.0
2018-04-07,40.0
2018-04-08,25.0
2018-04-09,29.0
2018-04-10,48.0
2018-04-11,60.0
2018-04-12,49.0
2018-04-13,43.0
2018-04-14,51.0
2018-04-15,41.0
2018-04-16,39.0
2018-04-17,43.0
2018-04-18,38.0
2018-04-19,60.0
2018-04-20,45.0
2018-04-21,58.0
2018-04-22,38.0
2018-04-23,24.0
2018-04-24,26.0
2018-04-25,23.0
2018-04-26,27.0
2018-04-27,26.0
2018-04-28,14.0
2018-04-29,14.0
2018-04-30,19.0
2018-05-01,29.0
2018-05-02,19.0
2018-05-03,28.0
2018-05-04,35.0
2018-05-05,41.0
2018-05-06,47.0
2018-05-07,50.0
2018-05-08,46.0
2018-05-09,27.0
2018-05-10,27.0
2018-05-11,38.0
2018-05-12,22.0
2018-05-13,24.0
2018-05-14,21.0
2018-05-15,23.0
2018-05-16,31.0
2018-05-17,33.0
2018-05-18,32.0
2018-05-19,35.0
2018-05-20,36.0
2018-05-21,48.0
2018-05-22,38.0
2018-05-23,37.0
2018-05-24,45.0
2018-05-25,48.0
2018-05-26,55.0
2018-05-27,41.0
2018-05-28,47.0
2018-05-29,31.0
2018-05-30,43.0
2018-05-31,55.0
2018-06-01,37.0
2018-06-02,20.0
2018-06-03,23.0
2018-06-04,30.0
2018-06-05,32.0
2018-06-06,39.0
2018-06-07,37.0
2018-06-08,35.0
2018-06-09,31.0
2018-06-10,26.0
2018-06-11,27.0
2018-06-12,28.0
2018-06-13,31.0
2018-06-14,29.0
2018-06-15,30.0
2018-06-16,22.0
2018-06-17,14.0
2018-06-18,24.0
2018-06-19,18.0
2018-06-20,22.0
2018-06-21,23.0
2018-06-22,25.0
2018-06-23,24.0
2018-06-24,24.0
2018-06-25,28.0
2018-06-26,33.0
2018-06-27,34.0
2018-06-28,38.0
2018-06-29,31.0
2018-06-30,29.0
2018-07-01,33.0
2018-07-02,34.0
2018-07-03,30.0
2018-07-04,38.0
2018-07-05,41.0
2018-07-06,38.0
2018-07-07,59.0
2018-07-08,30.0
2018-07-09,41.0
2018-07-10,22.0
2018-07-11,28.0
2018-07-12,39.0
2018-07-13,38.0
2018-07-14,42.0
2018-07-15,35.0
2018-07-16,48.0
2018-07-17,34.0
2018-07-18,23.0
2018-07-19,36.0
2018-07-20,36.0
2018-07-21,27.0
2018-07-22,19.0
2018-07-23,29.0
2018-07-24,25.0
2018-07-25,30.0
2018-07-26,49.0
2018-07-27,34.0
2018-07-28,34.0
2018-07-29,14.0
2018-07-30,24.0
2018-07-31,22.0
2018-08-01,23.0
2018-08-02,21.0
2018-08-03,26.0
2018-08-04,17.0
2018-08-05,24.0
2018-08-06,29.0
2018-08-07,29.0
2018-08-08,25.0
2018-08-09,23.0
2018-08-10,21.0
2018-08-11,18.0
2018-08-12,15.0
2018-08-13,23.0
2018-08-14,23.0
2018-08-15,24.0
2018-08-16,23.0
2018-08-17,23.0
2018-08-18,22.0
2018-08-19,18.0
2018-08-20,16.0
2018-08-21,16.0
2018-08-22,21.0
2018-08-23,20.0
2018-08-24,17.0
2018-08-25,16.0
2018-08-26,12.0
2018-08-27,12.0
2018-08-28,31.0
2018-08-29,25.0
2018-08-30,27.0
2018-08-31,31.0
2018-09-01,28.0
2018-09-02,29.0
2018-09-03,33.0
2018-09-04,22.0
2018-09-05,21.0
2018-09-06,28.0
2018-09-07,24.0
2018-09-08,21.0
2018-09-09,16.0
2018-09-10,24.0
2018-09-11,25.0
2018-09-12,17.0
2018-09-13,28.0
2018-09-14,22.0
2018-09-15,23.0
2018-09-16,38.0
2018-09-17,49.0
2018-09-18,61.0
2018-09-19,61.0
2018-09-20,58.0
2018-09-21,60.0
2018-09-22,38.0
2018-09-23,12.0
2018-09-24,42.0
2018-09-25,69.0
2018-09-26,41.0
2018-09-27,31.0
2018-09-28,21.0
2018-09-29,28.0
2018-09-30,20.0
2018-10-01,21.0
2018-10-02,20.0
2018-10-03,22.0
2018-10-04,24.0
2018-10-05,38.0
2018-10-06,16.0
2018-10-07,15.0
2018-10-08,25.0
2018-10-09,33.0
2018-10-10,58.0
2018-10-11,32.0
2018-10-12,35.0
2018-10-13,24.0
2018-10-14,6.0
2018-10-15,20.0
2018-10-16,44.0
2018-10-17,23.0
2018-10-18,34.0
2018-10-19,41.0
2018-10-20,43.0
2018-10-21,22.0
2018-10-22,25.0
2018-10-23,27.0
2018-10-24,29.0
2018-10-25,25.0
2018-10-26,48.0
2018-10-27,12.0
2018-10-28,12.0
2018-10-29,24.0
2018-10-30,59.0
2018-10-31,46.0
2018-11-01,58.0
2018-11-02,98.0
2018-11-03,64.0
2018-11-04,39.0
2018-11-05,79.0
2018-11-06,68.0
2018-11-07,48.0
2018-11-08,73.0
2018-11-09,55.0
2018-11-10,51.0
2018-11-11,48.0
2018-11-12,38.0
2018-11-13,38.0
2018-11-14,56.0
2018-11-15,84.0
2018-11-16,42.0
2018-11-17,36.0
2018-11-18,27.0
2018-11-19,21.0
2018-11-20,18.0
2018-11-21,55.0
2018-11-22,117.0
2018-11-23,81.0
2018-11-24,42.0
2018-11-25,27.0
2018-11-26,34.0
2018-11-27,50.0
2018-11-28,52.0
2018-11-29,43.0
2018-11-30,43.0
2018-12-01,21.0
2018-12-02,10.0
2018-12-03,24.0
2018-12-04,56.0
2018-12-05,19.0
2018-12-06,21.0
2018-12-07,15.0
2018-12-08,18.0
2018-12-09,14.0
2018-12-10,39.0
2018-12-11,94.0
2018-12-12,55.0
2018-12-13,40.0
2018-12-14,95.0
2018-12-15,32.0
2018-12-16,38.0
2018-12-17,66.0
2018-12-18,51.0
2018-12-19,51.0
2018-12-20,61.0
2018-12-21,57.0
2018-12-22,54.0
2018-12-23,24.0
2018-12-24,31.0
2018-12-25,23.0
2018-12-26,32.0
2018-12-27,73.0
2018-12-28,66.0
2018-12-29,47.0
2018-12-30,37.0
2018-12-31,35.0
2019-01-01,24.0
2019-01-02,21.0
2019-01-03,25.0
2019-01-04,53.0
2019-01-05,44.0
2019-01-06,44.0
2019-01-07,58.0
2019-01-08,50.0
2019-01-09,28.0
2019-01-10,78.0
2019-01-11,56.0
2019-01-12,52.0
2019-01-13,36.0
2019-01-14,70.0
2019-01-15,68.0
2019-01-16,40.6
2019-01-17,47.0
2019-01-18,99.0
2019-01-19,43.0
2019-01-20,42.0
2019-01-21,92.0
2019-01-22,50.0
2019-01-23,24.0
2019-01-24,77.0
2019-01-25,58.0
2019-01-26,46.0
2019-01-27,31.0
2019-01-28,73.0
2019-01-29,89.0
2019-01-30,66.0
2019-01-31,42.0
2019-02-01,17.0
2019-02-02,25.0
2019-02-03,54.0
2019-02-04,52.0
2019-02-05,50.0
2019-02-06,60.0
2019-02-07,68.0
2019-02-08,45.0
2019-02-09,52.0
2019-02-10,34.0
2019-02-11,59.0
2019-02-12,77.0
2019-02-13,69.0
2019-02-14,97.0
2019-02-15,89.0
2019-02-16,51.0
2019-02-17,45.0
2019-02-18,30.0
2019-02-19,37.0
2019-02-20,82.0
2019-02-21,94.0
2019-02-22,72.0
2019-02-23,61.0
2019-02-24,56.0
2019-02-25,82.0
2019-02-26,95.0
2019-02-27,92.0
2019-02-28,41.0
2019-03-01,54.0
2019-03-02,29.0
2019-03-03,13.0
2019-03-04,22.0
2019-03-05,44.0
2019-03-06,26.0
2019-03-07,27.0
2019-03-08,28.0
2019-03-09,28.0
2019-03-10,20.0
2019-03-11,43.0
2019-03-12,38.0
2019-03-13,66.0
2019-03-14,49.0
2019-03-15,49.0
2019-03-16,42.0
2019-03-17,43.0
2019-03-18,70.0
2019-03-19,70.0
2019-03-20,54.0
2019-03-21,49.0
2019-03-22,49.0
2019-03-23,34.0
2019-03-24,33.0
2019-03-25,31.0
2019-03-26,48.0
2019-03-27,38.0
2019-03-28,57.0
2019-03-29,66.0
2019-03-30,67.0
2019-03-31,38.0
2019-04-01,40.0
2019-04-02,48.0
2019-04-03,56.0
2019-04-04,49.0
2019-04-05,36.0
2019-04-06,26.0
2019-04-07,52.0
2019-04-08,66.0
2019-04-09,48.0
2019-04-10,38.0
2019-04-11,48.0
2019-04-12,42.0
2019-04-13,37.0
2019-04-14,29.0
2019-04-15,59.0
2019-04-16,93.0
2019-04-17,75.0
2019-04-18,69.0
2019-04-19,48.0
2019-04-20,42.0
2019-04-21,46.0
2019-04-22,65.0
2019-04-23,58.0
2019-04-24,54.0
2019-04-25,41.0
2019-04-26,45.0
2019-04-27,45.0
2019-04-28,18.0
2019-04-29,35.0
2019-04-30,48.0
2019-05-01,46.0
2019-05-02,30.0
2019-05-03,48.0
2019-05-04,23.0
2019-05-05,24.0
2019-05-06,25.0
2019-05-07,42.0
2019-05-08,30.0
2019-05-09,29.0
2019-05-10,47.0
2019-05-11,25.0
2019-05-12,24.0
2019-05-13,27.0
2019-05-14,28.0
2019-05-15,39.0
2019-05-16,34.0
2019-05-17,31.0
2019-05-18,38.0
2019-05-19,30.0
2019-05-20,28.0
2019-05-21,31.0
2019-05-22,51.0
2019-05-23,53.0
2019-05-24,45.0
2019-05-25,32.0
2019-05-26,27.0
2019-05-27,40.0
2019-05-28,29.0
2019-05-29,49.0
2019-05-30,36.0
2019-05-31,23.0
2019-06-01,19.0
2019-06-02,27.0
2019-06-03,29.0
2019-06-04,30.0
2019-06-05,27.0
2019-06-06,31.0
2019-06-07,25.0
2019-06-08,19.0
2019-06-09,17.0
2019-06-10,13.0
2019-06-11,19.0
2019-06-12,21.0
2019-06-13,22.0
2019-06-14,30.0
2019-06-15,24.0
2019-06-16,15.0
2019-06-17,40.0
2019-06-18,26.0
2019-06-19,32.0
2019-06-20,22.0
2019-06-21,25.0
2019-06-22,23.0
2019-06-23,34.0
2019-06-24,43.0
2019-06-25,27.0
2019-06-26,24.0
2019-06-27,29.0
2019-06-28,38.0
2019-06-29,35.0
2019-06-30,17.0
2019-07-01,18.0
2019-07-02,20.0
2019-07-03,28.0
2019-07-04,26.0
2019-07-05,27.0
2019-07-06,13.0
2019-07-07,19.0
2019-07-08,32.0
2019-07-09,48.0
2019-07-10,39.0
2019-07-11,25.0
2019-07-12,30.0
2019-07-13,16.0
2019-07-14,15.0
2019-07-15,27.0
2019-07-16,31.0
2019-07-17,34.0
2019-07-18,24.0
2019-07-19,23.0
2019-07-20,14.0
2019-07-21,14.0
2019-07-22,26.0
2019-07-23,38.0
2019-07-24,43.0
2019-07-25,64.0
2019-07-26,64.0
2019-07-27,30.0
2019-07-28,38.0
2019-07-29,44.0
2019-07-30,36.0
2019-07-31,51.0
2019-08-01,42.0
2019-08-02,31.0
2019-08-03,27.0
2019-08-04,28.0
2019-08-05,51.0
2019-08-06,54.0
2019-08-07,39.0
2019-08-08,23.0
2019-08-09,28.0
2019-08-10,29.0
2019-08-11,19.0
2019-08-12,23.0
2019-08-13,19.0
2019-08-14,13.0
2019-08-15,18.0
2019-08-16,20.0
2019-08-17,15.0
2019-08-18,14.0
2019-08-19,21.0
2019-08-20,23.0
2019-08-21,29.0
2019-08-22,27.0
2019-08-23,28.0
2019-08-24,44.0
2019-08-25,46.0
2019-08-26,32.0
2019-08-27,40.0
2019-08-28,20.0
2019-08-29,23.0
2019-08-30,31.0
2019-08-31,22.0
2019-09-01,13.0
2019-09-02,24.0
2019-09-03,24.0
2019-09-04,20.0
2019-09-05,35.0
2019-09-06,35.0
2019-09-07,17.0
2019-09-08,16.0
2019-09-09,32.0
2019-09-10,27.0
2019-09-11,29.0
2019-09-12,28.0
2019-09-13,26.0
2019-09-14,31.0
2019-09-15,19.0
2019-09-16,24.0
2019-09-17,23.0
2019-09-18,38.0
2019-09-19,41.0
2019-09-20,48.0
2019-09-21,39.0
2019-09-22,27.0
2019-09-23,23.0
2019-09-24,13.0
2019-09-25,19.0
2019-09-26,28.0
2019-09-27,43.0
2019-09-28,26.0
2019-09-29,9.0
2019-09-30,47.0
2019-10-01,20.0
2019-10-02,28.0
2019-10-03,49.0
2019-10-04,36.0
2019-10-05,24.0
2019-10-06,15.0
2019-10-07,31.0
2019-10-08,62.0
2019-10-09,60.0
2019-10-10,50.0
2019-10-11,17.0
2019-10-12,12.0
2019-10-13,13.0
2019-10-14,20.0
2019-10-15,26.0
2019-10-16,26.0
2019-10-17,34.0
2019-10-18,23.0
2019-10-19,20.0
2019-10-20,16.0
2019-10-21,15.0
2019-10-22,41.0
2019-10-23,57.0
2019-10-24,33.0
2019-10-25,21.0
2019-10-26,15.0
2019-10-27,18.0
2019-10-28,42.0
2019-10-29,21.0
2019-10-30,32.0
2019-10-31,47.0
2019-11-01,30.0
2019-11-02,41.0
2019-11-03,44.0
2019-11-04,37.0
2019-11-05,26.0
2019-11-06,58.0
2019-11-07,30.0
2019-11-08,49.0
2019-11-09,24.0
2019-11-10,23.0
2019-11-11,27.0
2019-11-12,26.0
2019-11-13,38.0
2019-11-14,30.0
2019-11-15,23.0
2019-11-16,28.0
2019-11-17,38.0
2019-11-18,39.0
2019-11-19,92.0
2019-11-20,65.0
2019-11-21,51.0
2019-11-22,24.0
2019-11-23,25.0
2019-11-24,43.0
2019-11-25,41.0
2019-11-26,50.0
2019-11-27,45.0
2019-11-28,46.0
2019-11-29,45.0
2019-11-30,48.0
2019-12-01,16.0
2019-12-02,66.0
2019-12-03,47.0
2019-12-04,64.0
2019-12-05,47.0
2019-12-06,15.0
2019-12-07,24.0
2019-12-08,18.0
2019-12-09,34.0
2019-12-10,25.0
2019-12-11,24.0
2019-12-12,15.0
2019-12-13,24.0
2019-12-14,26.0
2019-12-15,19.0
2019-12-16,25.0
2019-12-17,18.0
2019-12-18,20.0
2019-12-19,48.0
2019-12-20,54.0
2019-12-21,40.0
2019-12-22,56.0
2019-12-23,67.0
2019-12-24,53.0
2019-12-25,18.0
2019-12-26,37.0
2019-12-27,42.0
2019-12-28,52.0
2019-12-29,52.0
2019-12-30,65.0
2019-12-31,34.0
2020-01-01,50.0
2020-01-02,46.0
2020-01-03,46.0
2020-01-04,63.0
2020-01-05,49.0
2020-01-06,60.0
2020-01-07,61.0
2020-01-08,84.0
2020-01-09,58.0
2020-01-10,67.0
2020-01-11,59.0
2020-01-12,46.0
2020-01-13,61.0
2020-01-14,53.0
2020-01-15,72.0
2020-01-16,63.0
2020-01-17,69.0
2020-01-18,55.0
2020-01-19,45.0
2020-01-20,113.0
2020-01-21,106.0
2020-01-22,66.0
2020-01-23,64.0
2020-01-24,69.0
2020-01-25,56.0
2020-01-26,53.0
2020-01-27,62.0
2020-01-28,72.0
2020-01-29,84.0
2020-01-30,32.0
2020-01-31,26.0
2020-02-01,29.0
2020-02-02,24.0
2020-02-03,37.0
2020-02-04,44.0
2020-02-05,109.0
2020-02-06,108.0
2020-02-07,104.0
2020-02-08,77.0
2020-02-09,48.0
2020-02-10,74.0
2020-02-11,101.0
2020-02-12,83.0
2020-02-13,74.0
2020-02-14,95.0
2020-02-15,47.0
2020-02-16,42.0
2020-02-17,89.0
2020-02-18,87.0
2020-02-19,69.0
2020-02-20,64.0
2020-02-21,76.0
2020-02-22,72.0
2020-02-23,37.0
2020-02-24,49.0
2020-02-25,65.0
2020-02-26,85.0
2020-02-27,22.0
2020-02-28,23.0
2020-02-29,24.0
2020-03-01,16.0
2020-03-02,25.0
2020-03-03,45.0
2020-03-04,24.8
2020-03-05,32.0
2020-03-06,39.0
2020-03-07,54.0
2020-03-08,45.0
2020-03-09,72.0
2020-03-10,58.0
2020-03-11,63.0
2020-03-12,76.0
2020-03-13,69.0
2020-03-14,48.0
2020-03-15,35.0
2020-03-16,79.0
2020-03-17,62.0
2020-03-18,47.0
2020-03-19,27.0
2020-03-20,23.0
2020-03-21,22.0
2020-03-22,21.0
2020-03-23,30.0
2020-03-24,35.0
2020-03-25,42.0
2020-03-26,42.0
2020-03-27,42.0
2020-03-28,26.0
2020-03-29,18.0
2020-03-30,14.0
2020-03-31,20.0
2020-04-01,25.0
2020-04-02,28.0
2020-04-03,33.0
2020-04-04,23.0
2020-04-05,20.0
2020-04-06,31.0
2020-04-07,32.0
2020-04-08,56.0
2020-04-09,63.0
2020-04-10,48.0
2020-04-11,37.0
2020-04-12,28.0
2020-04-13,21.0
2020-04-14,21.0
2020-04-15,35.0
2020-04-16,61.0
2020-04-17,28.0
2020-04-18,29.0
2020-04-19,26.0
2020-04-20,38.0
2020-04-21,42.0
2020-04-22,38.0
2020-04-23,48.0
2020-04-24,41.0
2020-04-25,22.0
2020-04-26,22.0
2020-04-27,37.0
2020-04-28,9.0
2020-04-29,27.0
2020-04-30,27.0
2020-05-01,28.0
2020-05-02,22.0
2020-05-03,19.0
2020-05-04,26.0
2020-05-05,25.0
2020-05-06,33.0
2020-05-07,46.0
2020-05-08,30.0
2020-05-09,37.0
2020-05-10,28.0
2020-05-11,22.0
2020-05-12,22.0
2020-05-13,19.0
2020-05-14,16.0
2020-05-15,27.0
2020-05-16,24.0
2020-05-17,22.0
2020-05-18,41.0
2020-05-19,40.0
2020-05-20,47.0
2020-05-21,50.0
2020-05-22,77.0
2020-05-23,36.0
2020-05-24,20.0
2020-05-25,20.0
2020-05-26,27.0
2020-05-27,33.0
2020-05-28,28.0
2020-05-29,31.0
2020-05-30,27.0
2020-05-31,22.0
2020-06-01,29.0
2020-06-02,32.0
2020-06-03,37.0
2020-06-04,42.0
2020-06-05,55.0
2020-06-06,28.0
2020-06-07,15.0
2020-06-08,23.0
2020-06-09,38.0
2020-06-10,37.0
2020-06-11,27.0
2020-06-12,33.0
2020-06-13,21.0
2020-06-14,23.0
2020-06-15,53.0
2020-06-16,48.0
2020-06-17,38.0
2020-06-18,47.0
2020-06-19,52.0
2020-06-20,27.0
2020-06-21,24.0
2020-06-22,62.0
2020-06-23,56.0
2020-06-24,46.0
2020-06-25,45.0
2020-06-26,59.0
2020-06-27,32.0
2020-06-28,25.0
2020-06-29,64.0
2020-06-30,57.0
2020-07-01,45.0
2020-07-02,49.0
2020-07-03,57.0
2020-07-04,29.0
2020-07-05,31.0
2020-07-06,40.0
2020-07-07,53.0
2020-07-08,44.0
2020-07-09,40.0
2020-07-10,37.0
2020-07-11,23.0
2020-07-12,39.0
2020-07-13,57.0
2020-07-14,24.0
2020-07-15,46.0
2020-07-16,34.0
2020-07-17,56.0
2020-07-18,30.0
2020-07-19,11.0
2020-07-20,20.0
2020-07-21,26.0
2020-07-22,56.0
2020-07-23,55.0
2020-07-24,55.0
2020-07-25,41.0
2020-07-26,41.0
2020-07-27,51.0
2020-07-28,55.0
2020-07-29,54.0
2020-07-30,51.0
2020-07-31,70.0
2020-08-01,47.0
2020-08-02,37.0
2020-08-03,25.0
2020-08-04,52.0
2020-08-05,59.0
2020-08-06,57.0
2020-08-07,82.0
2020-08-08,42.0
2020-08-09,32.0
2020-08-10,43.0
2020-08-11,57.0
2020-08-12,58.0
2020-08-13,37.0
2020-08-14,21.0
2020-08-15,30.0
2020-08-16,38.0
2020-08-17,48.0
2020-08-18,55.0
2020-08-19,30.0
2020-08-20,60.0
2020-08-21,70.0
2020-08-22,52.0
2020-08-23,38.0
2020-08-24,54.0
2020-08-25,46.0
2020-08-26,60.0
2020-08-27,43.0
2020-08-28,31.0
2020-08-29,20.0
2020-08-30,23.75
2020-08-31,24.25
2020-09-01,24.0
2020-09-02,29.75
2020-09-03,33.0
2020-09-04,69.0
2020-09-05,47.0
2020-09-06,37.0
2020-09-07,66.0
2020-09-08,66.0
2020-09-09,48.0
2020-09-10,39.0
2020-09-11,75.0
2020-09-12,57.0
2020-09-13,44.0
2020-09-14,45.0
2020-09-15,86.0
2020-09-16,38.0
2020-09-17,28.0
2020-09-18,30.0
2020-09-19,28.0
2020-09-20,30.0
2020-09-21,60.0
2020-09-22,77.0
2020-09-23,56.0
2020-09-24,54.0
2020-09-25,43.0
2020-09-26,25.0
2020-09-27,15.0
2020-09-28,62.0
2020-09-29,54.0
2020-09-30,56.0
2020-10-01,57.0
2020-10-02,11.0
2020-10-03,39.0
2020-10-04,36.0
2020-10-05,60.0
2020-10-06,67.0
2020-10-07,69.0
2020-10-08,40.0
2020-10-09,71.0
2020-10-10,54.0
2020-10-11,19.0
2020-10-12,62.0
2020-10-13,22.0
2020-10-14,20.0
2020-10-15,17.0
2020-10-16,28.0
2020-10-17,20.0
2020-10-18,46.0
2020-10-19,46.0
2020-10-20,74.0
2020-10-21,46.0
2020-10-22,69.0
2020-10-23,66.0
2020-10-24,44.0
2020-10-25,43.0
2020-10-26,70.0
2020-10-27,57.0
2020-10-28,60.0
2020-10-29,28.0
2020-10-30,21.0
2020-10-31,20.0
2020-11-01,16.0
2020-11-02,20.0
2020-11-03,51.0
2020-11-04,72.0
2020-11-05,108.0
2020-11-06,67.0
2020-11-07,48.0
2020-11-08,55.0
2020-11-09,34.0
2020-11-10,63.0
2020-11-11,56.0
2020-11-12,74.0
2020-11-13,64.0
2020-11-14,47.0
2020-11-15,40.0
2020-11-16,56.0
2020-11-17,62.0
2020-11-18,69.0
2020-11-19,53.0
2020-11-20,63.0
2020-11-21,37.0
2020-11-22,43.0
2020-11-23,73.0
2020-11-24,60.0
2020-11-25,49.0
2020-11-26,43.0
2020-11-27,49.0
2020-11-28,52.0
2020-11-29,45.0
2020-11-30,64.0
2020-12-01,35.0
2020-12-02,71.0
2020-12-03,46.0
2020-12-04,58.0
2020-12-05,22.0
2020-12-06,25.0
2020-12-07,38.0
2020-12-08,75.0
2020-12-09,61.0
2020-12-10,32.0
2020-12-11,57.0
2020-12-12,63.0
2020-12-13,34.0
2020-12-14,60.0
2020-12-15,61.0
2020-12-16,48.0
2020-12-17,68.0
2020-12-18,64.0
2020-12-19,59.0
2020-12-20,48.0
2020-12-21,43.0
2020-12-22,45.0
2020-12-23,43.0
2020-12-24,12.0
2020-12-25,11.0
2020-12-26,31.0
2020-12-27,39.0
2020-12-28,22.0
2020-12-29,32.0
2020-12-30,53.0
2020-12-31,35.0
2021-01-01,38.0
2021-01-02,13.0
2021-01-03,11.0
2021-01-04,9.0
2021-01-05,12.0
2021-01-06,17.0
2021-01-07,72.0
2021-01-08,41.0
2021-01-09,41.0
2021-01-10,45.0
2021-01-11,62.0
2021-01-12,29.0
2021-01-13,46.0
2021-01-14,11.0
2021-01-15,43.0
2021-01-16,46.0
2021-01-17,50.0
2021-01-18,62.0
2021-01-19,50.0
2021-01-20,49.0
2021-01-21,74.0
2021-01-22,61.0
2021-01-23,42.0
2021-01-24,24.0
2021-01-25,76.0
2021-01-26,61.0
2021-01-27,41.2
2021-01-28,53.8
2021-01-29,63.0
2021-01-30,12.0
2021-01-31,17.0
2021-02-01,27.0
2021-02-02,67.0
2021-02-03,75.0
2021-02-04,43.0
2021-02-05,53.0
2021-02-06,20.0
2021-02-07,14.0
2021-02-08,11.0
2021-02-09,13.0
2021-02-10,27.0
2021-02-11,34.0
2021-02-12,32.0
2021-02-13,27.0
2021-02-14,35.0
2021-02-15,56.0
2021-02-16,62.0
2021-02-17,65.0
2021-02-18,73.0
2021-02-19,71.0
2021-02-20,74.0
2021-02-21,50.0
2021-02-22,87.0
2021-02-23,83.0
2021-02-24,97.0
2021-02-25,69.0
2021-02-26,72.0
2021-02-27,50.0
2021-02-28,29.0
2021-03-01,49.0
2021-03-02,68.0
2021-03-03,68.0
2021-03-04,29.0
2021-03-05,31.0
2021-03-06,22.0
2021-03-07,34.0
2021-03-08,99.0
2021-03-09,96.0
2021-03-10,57.0
2021-03-11,75.0
2021-03-12,65.0
2021-03-13,51.0
2021-03-14,43.0
2021-03-15,41.0
2021-03-16,47.0
2021-03-17,41.0
2021-03-18,36.0
2021-03-19,28.0
2021-03-20,36.0
2021-03-21,19.0
2021-03-22,57.0
2021-03-23,87.0
2021-03-24,83.0
2021-03-25,58.0
2021-03-26,45.0
2021-03-27,53.0
2021-03-28,47.0
2021-03-29,77.0
2021-03-30,91.0
2021-03-31,117.0
2021-04-01,46.0
2021-04-02,19.0
2021-04-03,26.0
2021-04-04,55.0
2021-04-05,23.0
2021-04-06,35.0
2021-04-07,62.0
2021-04-08,73.0
2021-04-09,53.0
2021-04-10,21.0
2021-04-11,18.0
2021-04-12,46.0
2021-04-13,79.0
2021-04-14,36.0
2021-04-15,24.0
2021-04-16,32.0
2021-04-17,21.0
2021-04-18,25.0
2021-04-19,60.0
2021-04-20,69.0
2021-04-21,59.0
2021-04-22,36.0
2021-04-23,36.0
2021-04-24,28.0
2021-04-25,19.0
2021-04-26,26.0
2021-04-27,57.0
2021-04-28,39.0
2021-04-29,24.0
2021-04-30,44.0
2021-05-01,25.0
2021-05-02,40.0
2021-05-03,46.0
2021-05-04,40.2
2021-05-05,59.0
2021-05-06,48.0
2021-05-07,58.0
2021-05-08,34.0
2021-05-09,35.0
2021-05-10,52.0
2021-05-11,47.0
2021-05-12,54.0
2021-05-13,27.0
2021-05-14,40.0
2021-05-15,34.0
2021-05-16,32.0
2021-05-17,52.0
2021-05-18,61.0
2021-05-19,47.0
2021-05-20,58.0
2021-05-21,57.0
2021-05-22,47.0
2021-05-23,33.0
2021-05-24,51.0
2021-05-25,71.0
2021-05-26,51.0
2021-05-27,49.0
2021-05-28,44.0
2021-05-29,32.0
2021-05-30,28.0
2021-05-31,34.0
2021-06-01,45.0
2021-06-02,43.0
2021-06-03,69.0
2021-06-04,26.0
2021-06-05,56.0
2021-06-06,45.0
2021-06-07,61.0
2021-06-08,65.0
2021-06-09,76.0
2021-06-10,74.0
2021-06-11,73.0
2021-06-12,38.0
2021-06-13,46.0
2021-06-14,50.0
2021-06-15,36.0
2021-06-16,83.0
2021-06-17,38.0
2021-06-18,15.0
2021-06-19,21.0
2021-06-20,18.0
2021-06-21,20.0
2021-06-22,25.0
2021-06-23,29.0
2021-06-24,75.0
2021-06-25,59.0
2021-06-26,27.0
2021-06-27,36.0
2021-06-28,29.0
2021-06-29,29.0
2021-06-30,27.0
2021-07-01,43.0
2021-07-02,69.0
2021-07-03,44.0
2021-07-04,34.0
2021-07-05,48.0
2021-07-06,64.0
2021-07-07,55.0
2021-07-08,63.0
2021-07-09,63.0
2021-07-10,44.0
2021-07-11,27.0
2021-07-12,30.0
2021-07-13,27.0
2021-07-14,26.0
2021-07-15,21.0
2021-07-16,26.0
2021-07-17,19.0
2021-07-18,37.0
2021-07-19,46.0
2021-07-20,52.0
2021-07-21,49.0
2021-07-22,49.0
2021-07-23,28.0
2021-07-24,42.0
2021-07-25,35.0
2021-07-26,66.0
2021-07-27,57.0
2021-07-28,64.0
2021-07-29,64.0
2021-07-30,46.0
2021-07-31,35.0
2021-08-01,32.0
2021-08-02,39.0
2021-08-03,34.0
2021-08-04,37.0
2021-08-05,50.0
2021-08-06,47.0
2021-08-07,32.0
2021-08-08,36.0
2021-08-09,53.0
2021-08-10,55.0
2021-08-11,57.0
2021-08-12,54.0
2021-08-13,48.0
2021-08-14,43.0
2021-08-15,45.0
2021-08-16,66.0
2021-08-17,68.0
2021-08-18,59.0
2021-08-19,59.0
2021-08-20,51.0
2021-08-21,29.0
2021-08-22,28.0
2021-08-23,18.0
2021-08-24,23.0
2021-08-25,14.0
2021-08-26,17.0
2021-08-27,23.0
2021-08-28,19.0
2021-08-29,18.0
2021-08-30,17.0
2021-08-31,22.0
2021-09-01,27.0
2021-09-02,28.0
2021-09-03,39.0
2021-09-04,38.0
2021-09-05,44.0
2021-09-06,69.0
2021-09-07,63.0
2021-09-08,66.0
2021-09-09,65.0
2021-09-10,66.0
2021-09-11,49.0
2021-09-12,30.0
2021-09-13,23.0
2021-09-14,42.0
2021-09-15,35.0
2021-09-16,67.0
2021-09-17,55.0
2021-09-18,42.0
2021-09-19,64.0
2021-09-20,25.0
2021-09-21,73.0
2021-09-22,85.0
2021-09-23,69.0
2021-09-24,66.0
2021-09-25,46.0
2021-09-26,47.0
2021-09-27,61.0
2021-09-28,63.0
2021-09-29,31.5
2021-09-30,40.5
2021-10-01,33.5
2021-10-02,20.0
2021-10-03,40.5
2021-10-04,32.5
2021-10-05,65.0
2021-10-06,69.0
2021-10-07,62.0
2021-10-08,46.0
2021-10-09,57.0
2021-10-10,32.0
2021-10-11,49.0
2021-10-12,40.0
2021-10-13,67.0
2021-10-14,72.0
2021-10-15,34.0
2021-10-16,43.0
2021-10-17,39.0
2021-10-18,45.0
2021-10-19,52.0
2021-10-20,46.0
2021-10-21,51.0
2021-10-22,44.0
2021-10-23,30.0
2021-10-24,21.0
2021-10-25,63.0
2021-10-26,52.0
2021-10-27,48.0
2021-10-28,58.0
2021-10-29,49.0
2021-10-30,41.0
2021-10-31,30.0
2021-11-01,53.0
2021-11-02,65.0
2021-11-03,51.0
2021-11-04,24.0
2021-11-05,77.0
2021-11-06,57.0
2021-11-07,42.0
2021-11-08,64.0
2021-11-09,52.0
2021-11-10,55.0
2021-11-11,59.0
2021-11-12,51.0
2021-11-13,22.0
2021-11-14,17.0
2021-11-15,31.0
2021-11-16,73.0
2021-11-17,75.0
2021-11-18,79.0
2021-11-19,62.0
2021-11-20,58.0
2021-11-21,13.0
2021-11-22,21.0
2021-11-23,62.0
2021-11-24,71.0
2021-11-25,34.0
2021-11-26,29.0
2021-11-27,13.0
2021-11-28,26.0
2021-11-29,77.0
2021-11-30,74.0
2021-12-01,43.0
2021-12-02,52.0
2021-12-03,52.0
2021-12-04,43.0
2021-12-05,19.0
2021-12-06,67.0
2021-12-07,42.0
2021-12-08,71.0
2021-12-09,67.0
2021-12-10,48.0
2021-12-11,52.0
2021-12-12,44.0
2021-12-13,55.0
2021-12-14,59.0
2021-12-15,62.0
2021-12-16,32.0
2021-12-17,26.0
2021-12-18,22.0
2021-12-19,11.0
2021-12-20,29.0
2021-12-21,46.0
2021-12-22,51.0
2021-12-23,65.0
2021-12-24,36.0
2021-12-25,15.0
2021-12-26,26.0
2021-12-27,41.0
2021-12-28,48.0
2021-12-29,45.0
2021-12-30,48.0
2021-12-31,44.0
2022-01-01,44.0
2022-01-02,28.0
2022-01-03,53.0
2022-01-04,37.0
2022-01-05,57.0
2022-01-06,59.0
2022-01-07,69.0
2022-01-08,46.0
2022-01-09,58.0
2022-01-10,64.0
2022-01-11,41.0
2022-01-12,79.0
2022-01-13,93.0
2022-01-14,92.0
2022-01-15,56.0
2022-01-16,50.0
2022-01-17,81.0
2022-01-18,70.0
2022-01-19,59.0
2022-01-20,32.0
2022-01-21,94.0
2022-01-22,43.0
2022-01-23,44.0
2022-01-24,61.0
2022-01-25,71.0
2022-01-26,79.0
2022-01-27,68.0
2022-01-28,73.0
2022-01-29,52.0
2022-01-30,54.0
2022-01-31,27.4
2022-02-01,60.0
2022-02-02,69.0
2022-02-03,63.0
2022-02-04,57.0
2022-02-05,59.0
2022-02-06,47.0
2022-02-07,69.0
2022-02-08,58.0
2022-02-09,55.0
2022-02-10,37.0
2022-02-11,69.0
2022-02-12,53.0
2022-02-13,44.0
2022-02-14,54.0
2022-02-15,50.0
2022-02-16,56.0
2022-02-17,68.0
2022-02-18,54.0
2022-02-19,50.0
2022-02-20,53.0
2022-02-21,58.0
2022-02-22,61.0
2022-02-23,57.0
2022-02-24,59.0
2022-02-25,51.0
2022-02-26,39.0
2022-02-27,20.0
2022-02-28,64.0
2022-03-01,9.0
2022-03-02,30.0
2022-03-03,42.0
2022-03-04,29.0
2022-03-05,14.0
2022-03-06,12.0
2022-03-07,22.0
2022-03-08,42.0
2022-03-09,52.0
2022-03-10,43.0
2022-03-11,39.0
2022-03-12,30.0
2022-03-13,39.0
2022-03-14,54.0
2022-03-15,44.0
2022-03-16,40.0
2022-03-17,50.0
2022-03-18,34.0
2022-03-19,30.0
2022-03-20,39.0
2022-03-21,55.0
2022-03-22,62.0
2022-03-23,78.0
2022-03-24,86.0
2022-03-25,76.0
2022-03-26,42.0
2022-03-27,18.0
2022-03-28,51.0
2022-03-29,41.0
2022-03-30,45.0
2022-03-31,15.0
2022-04-01,14.0
2022-04-02,19.0
2022-04-03,37.0
2022-04-04,66.0
2022-04-05,69.0
2022-04-06,54.0
2022-04-07,57.0
2022-04-08,23.0
2022-04-09,32.0
2022-04-10,35.0
2022-04-11,31.0
2022-04-12,55.0
2022-04-13,56.0
2022-04-14,62.0
2022-04-15,39.0
2022-04-16,38.0
2022-04-17,39.0
2022-04-18,54.0
2022-04-19,22.0
2022-04-20,27.0
2022-04-21,30.0
2022-04-22,26.0
2022-04-23,31.0
2022-04-24,23.0
2022-04-25,22.0
2022-04-26,19.0
2022-04-27,19.0
2022-04-28,27.0
2022-04-29,21.0
2022-04-30,31.0
2022-05-01,51.0
2022-05-02,43.0
2022-05-03,38.0
2022-05-04,67.0
2022-05-05,37.0
2022-05-06,67.0
2022-05-07,17.0
2022-05-08,20.0
2022-05-09,51.0
2022-05-10,62.0
2022-05-11,53.0
2022-05-12,66.0
2022-05-13,71.0
2022-05-14,47.0
2022-05-15,40.0
2022-05-16,68.0
2022-05-17,38.0
2022-05-18,19.0
2022-05-19,20.0
2022-05-20,18.0
2022-05-21,21.0
2022-05-22,39.0
2022-05-23,40.0
2022-05-24,28.0
2022-05-25,25.0
2022-05-26,38.0
2022-05-27,28.0
2022-05-28,12.0
2022-05-29,10.0
2022-05-30,38.0
2022-05-31,32.0
2022-06-01,32.0
2022-06-02,21.0
2022-06-03,21.0
2022-06-04,18.0
2022-06-05,21.0
2022-06-06,11.0
2022-06-07,29.0
2022-06-08,37.0
2022-06-09,39.0
2022-06-10,38.0
2022-06-11,39.0
2022-06-12,26.0
2022-06-13,28.0
2022-06-14,32.0
2022-06-15,39.0
2022-06-16,46.0
2022-06-17,54.0
2022-06-18,19.0
2022-06-19,13.0
2022-06-20,18.0
2022-06-21,19.0
2022-06-22,24.0
2022-06-23,36.0
2022-06-24,34.0
2022-06-25,22.0
2022-06-26,22.0
2022-06-27,33.0
2022-06-28,32.0
2022-06-29,25.0
2022-06-30,23.0
2022-07-01,22.0
2022-07-02,16.0
2022-07-03,14.0
2022-07-04,21.0
2022-07-05,16.0
2022-07-06,20.0
2022-07-07,13.0
2022-07-08,20.0
2022-07-09,9.0
2022-07-10,19.0
2022-07-11,30.0
2022-07-12,32.0
2022-07-13,19.0
2022-07-14,11.0
2022-07-15,28.0
2022-07-16,18.0
2022-07-17,23.0
2022-07-18,34.0
2022-07-19,39.0
2022-07-20,31.0
2022-07-21,21.0
2022-07-22,16.0
2022-07-23,17.0
2022-07-24,15.0
2022-07-25,19.0
2022-07-26,18.0
2022-07-27,43.0
2022-07-28,47.75
2022-07-29,44.0
2022-07-30,39.25
2022-07-31,44.5
2022-08-01,36.0
2022-08-02,32.0
2022-08-03,28.0
2022-08-04,33.5
2022-08-05,46.0
2022-08-06,46.75
2022-08-07,45.5
2022-08-08,31.5
2022-08-09,31.0
2022-08-10,29.0
2022-08-11,38.0
2022-08-12,39.0
2022-08-13,31.0
2022-08-14,28.0
2022-08-15,38.0
2022-08-16,40.0
2022-08-17,35.0
2022-08-18,28.0
2022-08-19,15.0
2022-08-20,17.0
2022-08-21,20.0
2022-08-22,30.0
2022-08-23,22.0
2022-08-24,25.0
2022-08-25,16.0
2022-08-26,30.0
2022-08-27,24.0
2022-08-28,17.0
2022-08-29,14.0
2022-08-30,20.0
2022-08-31,22.0
2022-09-01,28.0
2022-09-02,38.0
2022-09-03,36.0
2022-09-04,25.0
2022-09-05,53.0
2022-09-06,64.0
2022-09-07,48.0
2022-09-08,34.0
2022-09-09,36.0
2022-09-10,28.0
2022-09-11,28.0
2022-09-12,39.0
2022-09-13,22.0
2022-09-14,25.0
2022-09-15,37.0
2022-09-16,27.0
2022-09-17,23.0
2022-09-18,19.0
2022-09-19,19.0
2022-09-20,46.0
2022-09-21,61.0
2022-09-22,55.0
2022-09-23,21.0
2022-09-24,10.0
2022-09-25,16.0
2022-09-26,22.0
2022-09-27,34.0
2022-09-28,36.0
2022-09-29,35.0
2022-09-30,39.0
2022-10-01,36.0
2022-10-02,21.0
2022-10-03,52.0
2022-10-04,34.0
2022-10-05,35.0
2022-10-06,43.0
2022-10-07,41.0
2022-10-08,35.0
2022-10-09,27.0
2022-10-10,25.0
2022-10-11,50.0
2022-10-12,49.0
2022-10-13,44.0
2022-10-14,50.0
2022-10-15,31.0
2022-10-16,26.0
2022-10-17,43.0
2022-10-18,38.0
2022-10-19,31.0
2022-10-20,55.0
2022-10-21,55.0
2022-10-22,46.0
2022-10-23,28.0
2022-10-24,59.0
2022-10-25,49.0
2022-10-26,55.0
2022-10-27,40.0
2022-10-28,36.0
2022-10-29,28.0
2022-10-30,17.0
2022-10-31,25.0
2022-11-01,15.0
2022-11-02,24.0
2022-11-03,27.0
2022-11-04,23.0
2022-11-05,14.0
2022-11-06,9.0
2022-11-07,19.0
2022-11-08,15.0
2022-11-09,18.0
2022-11-10,20.0
2022-11-11,22.0
2022-11-12,23.0
2022-11-13,18.0
2022-11-14,37.0
2022-11-15,13.0
2022-11-16,10.0
2022-11-17,12.0
2022-11-18,14.0
2022-11-19,19.0
2022-11-20,14.0
2022-11-21,14.0
2022-11-22,17.0
2022-11-23,20.0
2022-11-24,26.0
2022-11-25,28.0
2022-11-26,23.0
2022-11-27,32.0
2022-11-28,44.0
2022-11-29,48.0
2022-11-30,60.0
2022-12-01,38.0
2022-12-02,24.0
2022-12-03,19.0
2022-12-04,19.0
2022-12-05,19.0
2022-12-06,17.0
2022-12-07,42.0
2022-12-08,61.0
2022-12-09,65.0
2022-12-10,40.0
2022-12-11,35.0
2022-12-12,19.0
2022-12-13,38.25
2022-12-14,60.0
2022-12-15,43.5
2022-12-16,71.0
2022-12-17,43.0
2022-12-18,29.0
2022-12-19,39.0
2022-12-20,56.0
2022-12-21,44.0
2022-12-22,50.0
2022-12-23,31.0
2022-12-24,42.0
2022-12-25,6.0
2022-12-26,24.0
2022-12-27,26.0
2022-12-28,29.0
2022-12-29,45.0
2022-12-30,37.0
2022-12-31,31.0
2023-01-01,34.0
2023-01-02,39.0
2023-01-03,43.0
2023-01-04,56.0
2023-01-05,53.0
2023-01-06,36.0
2023-01-07,38.0
2023-01-08,32.0
2023-01-09,61.0
2023-01-10,43.0
2023-01-11,58.0
2023-01-12,53.0
2023-01-13,67.0
2023-01-14,47.0
2023-01-15,41.0
2023-01-16,26.0
2023-01-17,60.0
2023-01-18,56.0
2023-01-19,48.0
2023-01-20,40.0
2023-01-21,37.0
2023-01-22,75.0
2023-01-23,67.0
2023-01-24,23.0
2023-01-25,48.0
2023-01-26,12.0
2023-01-27,22.0
2023-01-28,41.0
2023-01-29,23.0
2023-01-30,36.0
2023-01-31,38.0
2023-02-01,43.0
2023-02-02,29.0
2023-02-03,34.0
2023-02-04,31.0
2023-02-05,23.0
2023-02-06,54.0
2023-02-07,50.0
2023-02-08,55.0
2023-02-09,69.0
2023-02-10,76.0
2023-02-11,53.0
2023-02-12,33.0
2023-02-13,53.0
2023-02-14,89.0
2023-02-15,85.0
2023-02-16,51.0
2023-02-17,61.0
2023-02-18,54.0
2023-02-19,48.0
2023-02-20,63.0
2023-02-21,55.0
2023-02-22,39.0
2023-02-23,23.0
2023-02-24,30.0
2023-02-25,16.0
2023-02-26,16.0
2023-02-27,28.0
2023-02-28,18.0
2023-03-01,22.0
2023-03-02,28.0
2023-03-03,26.0
2023-03-04,17.0
2023-03-05,39.0
2023-03-06,55.0
2023-03-07,49.0
2023-03-08,13.0
2023-03-09,30.0
2023-03-10,24.0
2023-03-11,38.0
2023-03-12,42.0
2023-03-13,57.0
2023-03-14,48.0
2023-03-15,26.0
2023-03-16,45.0
2023-03-17,54.0
2023-03-18,39.0
2023-03-19,41.0
2023-03-20,52.0
2023-03-21,46.0
2023-03-22,30.0
2023-03-23,31.0
2023-03-24,24.0
2023-03-25,51.0
2023-03-26,41.4
2023-03-27,34.2
2023-03-28,39.8
2023-03-29,47.4
2023-03-30,9.0
2023-03-31,5.0
2023-04-01,4.0
2023-04-02,6.0
2023-04-03,6.0
2023-04-04,11.0
2023-04-05,17.0
2023-04-06,36.0
2023-04-07,48.6
2023-04-08,48.6
2023-04-09,45.0
2023-04-10,38.0
2023-04-11,38.8
2023-04-12,52.0
2023-04-13,71.0
2023-04-14,37.0
2023-04-15,26.0
2023-04-16,46.0
2023-04-17,38.0
2023-04-18,32.0
2023-04-19,35.0
2023-04-20,24.0
2023-04-21,31.0
2023-04-22,56.0
2023-04-23,37.0
2023-04-24,28.0
2023-04-25,28.0
2023-04-26,37.0
2023-04-27,35.0
2023-04-28,50.0
2023-04-29,30.0
2023-04-30,53.0
2023-05-01,38.0
2023-05-02,25.0
2023-05-03,33.0
2023-05-04,50.0
2023-05-05,57.0
2023-05-06,35.0
2023-05-07,42.6
2023-05-08,32.0
2023-05-09,35.8
2023-05-10,43.2
2023-05-11,48.0
2023-05-12,16.0
2023-05-13,17.0
2023-05-14,50.0
2023-05-15,17.0
2023-05-16,35.0
2023-05-17,39.0
2023-05-18,37.0
2023-05-19,35.0
2023-05-20,20.0
2023-05-21,16.0
2023-05-22,18.0
2023-05-23,23.0
2023-05-24,27.0
2023-05-25,26.0
2023-05-26,32.0
2023-05-27,25.0
2023-05-28,18.0
2023-05-29,17.0
2023-05-30,19.0
2023-05-31,13.0
2023-06-01,14.0
2023-06-02,19.0
2023-06-03,18.0
2023-06-04,14.0
2023-06-05,13.0
2023-06-06,15.0
2023-06-07,24.0
2023-06-08,18.0
2023-06-09,25.0
2023-06-10,26.0
2023-06-11,38.0
2023-06-12,43.0
2023-06-13,24.0
2023-06-14,24.0
2023-06-15,26.0
2023-06-16,28.0
2023-06-17,24.0
2023-06-18,37.0
2023-06-19,48.0
2023-06-20,42.0
2023-06-21,53.0
2023-06-22,31.0
2023-06-23,46.0
2023-06-24,34.0
2023-06-25,28.0
2023-06-26,33.0
2023-06-27,32.8
2023-06-28,32.4
2023-06-29,36.8
2023-06-30,30.6
2023-07-01,32.2
2023-07-02,37.6
2023-07-03,34.6
2023-07-04,29.6
2023-07-05,32.6
2023-07-06,35.0
2023-07-07,39.8
2023-07-08,37.8
2023-07-09,40.2
2023-07-10,32.2
2023-07-11,26.6
2023-07-12,34.0
2023-07-13,31.4
2023-07-14,23.6
2023-07-15,31.4
2023-07-16,31.4
2023-07-17,33.2
2023-07-18,29.6
2023-07-19,31.0
2023-07-20,30.6
2023-07-21,27.4
2023-07-22,33.2
2023-07-23,33.4
2023-07-24,36.0
2023-07-25,37.8
2023-07-26,47.6
2023-07-27,43.0
2023-07-28,47.75
2023-07-29,44.0
2023-07-30,39.25
2023-07-31,44.5
2023-08-01,36.0
2023-08-02,32.0
2023-08-03,28.0
2023-08-04,33.5
2023-08-05,46.0
2023-08-06,46.75
2023-08-07,45.5
2023-08-08,31.5
2023-08-09,33.4
2023-08-10,35.4
2023-08-11,37.8
2023-08-12,37.8
2023-08-13,31.6
2023-08-14,25.6
2023-08-15,31.0
2023-08-16,37.4
2023-08-17,37.8
2023-08-18,35.6
2023-08-19,28.6
2023-08-20,33.4
2023-08-21,32.8
2023-08-22,31.6
2023-08-23,25.2
2023-08-24,32.6
2023-08-25,27.6
2023-08-26,30.2
2023-08-27,28.4
2023-08-28,23.6
2023-08-29,20.0
2023-08-30,23.75
2023-08-31,24.25
2023-09-01,24.0
2023-09-02,29.75
2023-09-03,33.0
2023-09-04,34.8
2023-09-05,40.0
2023-09-06,46.6
2023-09-07,43.6
2023-09-08,40.6
2023-09-09,39.4
2023-09-10,36.8
2023-09-11,41.2
2023-09-12,34.2
2023-09-13,28.6
2023-09-14,33.0
2023-09-15,40.0
2023-09-16,38.8
2023-09-17,35.6
2023-09-18,38.0
2023-09-19,42.6
2023-09-20,41.4
2023-09-21,58.6
2023-09-22,56.4
2023-09-23,36.2
2023-09-24,37.0
2023-09-25,38.6
2023-09-26,32.6
2023-09-27,36.8
2023-09-28,41.6
2023-09-29,31.5
2023-09-30,40.5
2023-10-01,33.5
2023-10-02,20.0
2023-10-03,40.5
2023-10-04,32.5
2023-10-05,44.4
2023-10-06,42.0
2023-10-07,43.6
2023-10-08,41.6
2023-10-09,49.6
2023-10-10,43.8
2023-10-11,33.4
2023-10-12,39.6
2023-10-13,34.0
2023-10-14,33.6
2023-10-15,25.6
2023-10-16,33.4
2023-10-17,31.8
2023-10-18,37.2
2023-10-19,38.0
2023-10-20,46.8
2023-10-21,37.8
2023-10-22,45.0
2023-10-23,41.6
2023-10-24,37.2
2023-10-25,40.2
2023-10-26,48.0
2023-10-27,35.0
2023-10-28,41.6
2023-10-29,30.0
2023-10-30,34.0
2023-10-31,33.6
2023-11-01,34.4
2023-11-02,49.6
2023-11-03,47.4
2023-11-04,39.0
2023-11-05,60.8
2023-11-06,51.8
2023-11-07,37.4
2023-11-08,51.2
2023-11-09,36.6
2023-11-10,42.4
2023-11-11,42.4
2023-11-12,42.4
2023-11-13,36.0
2023-11-14,37.4
2023-11-15,38.2
2023-11-16,41.8
2023-11-17,44.6
2023-11-18,45.6
2023-11-19,49.4
2023-11-20,43.6
2023-11-21,34.0
2023-11-22,44.4
2023-11-23,52.2
2023-11-24,48.4
2023-11-25,35.8
2023-11-26,35.8
2023-11-27,37.8
2023-11-28,44.0
2023-11-29,51.6
2023-11-30,57.8
2023-12-01,30.6
2023-12-02,44.6
2023-12-03,37.6
2023-12-04,48.0
2023-12-05,25.2
2023-12-06,29.0
2023-12-07,32.2
2023-12-08,48.6
2023-12-09,48.2
2023-12-10,36.8
2023-12-11,52.4
2023-12-12,39.2
2023-12-13,38.25
2023-12-14,60.0
2023-12-15,43.5
2023-12-16,42.8
2023-12-17,44.2
2023-12-18,37.2
2023-12-19,41.6
2023-12-20,49.6
2023-12-21,46.0
2023-12-22,51.2
2023-12-23,46.0
2023-12-24,34.8
2023-12-25,14.6
2023-12-26,30.0
2023-12-27,44.2
2023-12-28,43.4
2023-12-29,44.2
2023-12-30,48.0
2023-12-31,35.8
2024-01-01,37.166666666666664
2024-01-02,33.666666666666664
2024-01-03,37.333333333333336
2024-01-04,40.333333333333336
2024-01-05,43.666666666666664
2024-01-06,41.166666666666664
2024-01-07,52.5
2024-01-08,47.166666666666664
2024-01-09,49.2
2024-01-10,55.833333333333336
2024-01-11,51.5
2024-01-12,50.833333333333336
2024-01-13,56.5
2024-01-14,50.833333333333336
2024-01-15,48.666666666666664
2024-01-16,40.6
2024-01-17,55.333333333333336
2024-01-18,60.333333333333336
2024-01-19,44.833333333333336
2024-01-20,48.333333333333336
2024-01-21,70.16666666666667
2024-01-22,53.5
2024-01-23,43.0
2024-01-24,44.333333333333336
2024-01-25,57.166666666666664
2024-01-26,49.166666666666664
2024-01-27,41.2
2024-01-28,53.8
2024-01-29,55.833333333333336
2024-01-30,39.666666666666664
2024-01-31,27.4
2024-02-01,33.833333333333336
2024-02-02,41.5
2024-02-03,47.0
2024-02-04,40.166666666666664
2024-02-05,54.0
2024-02-06,53.166666666666664
2024-02-07,56.833333333333336
2024-02-08,52.5
2024-02-09,46.0
2024-02-10,48.333333333333336
2024-02-11,59.0
2024-02-12,56.833333333333336
2024-02-13,48.5
2024-02-14,66.16666666666667
2024-02-15,58.833333333333336
2024-02-16,50.0
2024-02-17,62.333333333333336
2024-02-18,55.166666666666664
2024-02-19,51.166666666666664
2024-02-20,58.5
2024-02-21,66.16666666666667
2024-02-22,62.0
2024-02-23,50.0
2024-02-24,54.833333333333336
2024-02-25,50.833333333333336
2024-02-26,56.666666666666664
2024-02-27,41.666666666666664
2024-02-28,33.666666666666664
2024-02-29,24.0
2024-03-01,32.5
2024-03-02,37.833333333333336
2024-03-03,44.0
2024-03-04,24.8
2024-03-05,32.0
2024-03-06,30.0
2024-03-07,36.166666666666664
2024-03-08,41.166666666666664
2024-03-09,52.333333333333336
2024-03-10,38.5
2024-03-11,48.833333333333336
2024-03-12,44.666666666666664
2024-03-13,53.0
2024-03-14,46.166666666666664
2024-03-15,37.833333333333336
2024-03-16,49.166666666666664
2024-03-17,45.5
2024-03-18,43.5
2024-03-19,39.333333333333336
2024-03-20,39.0
2024-03-21,37.5
2024-03-22,41.833333333333336
2024-03-23,49.166666666666664
2024-03-24,51.833333333333336
2024-03-25,51.0
2024-03-26,41.4
2024-03-27,34.2
2024-03-28,39.8
2024-03-29,47.4
2024-03-30,40.666666666666664
2024-03-31,36.166666666666664
2024-04-01,25.5
2024-04-02,22.666666666666668
2024-04-03,30.666666666666668
2024-04-04,38.0
2024-04-05,32.333333333333336
2024-04-06,36.0
2024-04-07,48.6
2024-04-08,48.6
2024-04-09,45.0
2024-04-10,38.0
2024-04-11,38.8
2024-04-12,45.333333333333336
2024-04-13,51.166666666666664
2024-04-14,39.333333333333336
2024-04-15,37.333333333333336
2024-04-16,51.5
2024-04-17,40.666666666666664
2024-04-18,41.166666666666664
2024-04-19,41.833333333333336
2024-04-20,40.833333333333336
2024-04-21,44.333333333333336
2024-04-22,43.166666666666664
2024-04-23,39.0
2024-04-24,33.333333333333336
2024-04-25,25.833333333333332
2024-04-26,29.333333333333332
2024-04-27,36.5
2024-04-28,26.166666666666668
2024-04-29,25.166666666666668
2024-04-30,37.0
2024-05-01,36.166666666666664
2024-05-02,29.833333333333332
2024-05-03,35.333333333333336
2024-05-04,40.2
2024-05-05,40.5
2024-05-06,42.5
2024-05-07,42.6
2024-05-08,32.0
2024-05-09,35.8
2024-05-10,43.2
2024-05-11,38.833333333333336
2024-05-12,34.0
2024-05-13,30.833333333333332
2024-05-14,33.666666666666664
2024-05-15,30.0
2024-05-16,37.333333333333336
2024-05-17,35.833333333333336
2024-05-18,38.0
2024-05-19,34.5
2024-05-20,34.5
2024-05-21,37.166666666666664
2024-05-22,45.0
2024-05-23,37.0
2024-05-24,36.0
2024-05-25,37.0
2024-05-26,38.333333333333336
2024-05-27,36.0
2024-05-28,29.666666666666668
2024-05-29,28.333333333333332
2024-05-30,31.833333333333332
2024-05-31,29.833333333333332
2024-06-01,29.333333333333332
2024-06-02,27.0
2024-06-03,32.833333333333336
2024-06-04,26.666666666666668
2024-06-05,34.0
2024-06-06,28.166666666666668
2024-06-07,31.833333333333332
2024-06-08,32.833333333333336
2024-06-09,37.666666666666664
2024-06-10,35.666666666666664
2024-06-11,37.166666666666664
2024-06-12,31.5
2024-06-13,28.666666666666668
2024-06-14,31.333333333333332
2024-06-15,34.666666666666664
2024-06-16,40.333333333333336
2024-06-17,34.666666666666664
2024-06-18,28.0
2024-06-19,30.666666666666668
2024-06-20,24.833333333333332
2024-06-21,27.333333333333332
2024-06-22,31.666666666666668
2024-06-23,37.5
2024-06-24,42.666666666666664
2024-06-25,34.833333333333336
2024-06-26,33.0
2024-06-27,32.8
2024-06-28,32.4
2024-06-29,36.8
2024-06-30,30.6
2024-07-01,32.2
2024-07-02,37.6
2024-07-03,34.6
2024-07-04,29.6
2024-07-05,32.6
2024-07-06,35.0
2024-07-07,39.8
2024-07-08,37.8
2024-07-09,40.2
2024-07-10,32.2
2024-07-11,26.6
2024-07-12,34.0
2024-07-13,31.4
2024-07-14,23.6
2024-07-15,31.4
2024-07-16,31.4
2024-07-17,33.2
2024-07-18,29.6
2024-07-19,31.0
2024-07-20,30.6
2024-07-21,27.4
2024-07-22,33.2
2024-07-23,33.4
2024-07-24,36.0
2024-07-25,37.8
2024-07-26,47.6
2024-07-27,43.0
2024-07-28,47.75
2024-07-29,44.0
2024-07-30,39.25
2024-07-31,44.5
