Date,NO_weighted_value(ug m-3)
2018-01-01,21.1
2018-01-02,35.9
2018-01-03,34.8
2018-01-04,59.3
2018-01-05,86.7
2018-01-06,81.6
2018-01-07,17.0
2018-01-08,93.5
2018-01-09,136.89999
2018-01-10,170.8
2018-01-11,218.5
2018-01-12,151.2
2018-01-13,57.4
2018-01-14,58.2
2018-01-15,78.9
2018-01-16,98.4
2018-01-17,123.7
2018-01-18,131.0
2018-01-19,128.60001
2018-01-20,242.3
2018-01-21,104.4
2018-01-22,270.60001
2018-01-23,78.5
2018-01-24,83.3
2018-01-25,131.7
2018-01-26,263.39999
2018-01-27,57.5
2018-01-28,32.3
2018-01-29,83.0
2018-01-30,218.89999
2018-01-31,101.8
2018-02-01,123.9
2018-02-02,124.6
2018-02-03,77.2
2018-02-04,24.6
2018-02-05,84.4
2018-02-06,210.0
2018-02-07,216.60001
2018-02-08,116.3
2018-02-09,104.2
2018-02-10,35.9
2018-02-11,28.8
2018-02-12,72.2
2018-02-13,71.0
2018-02-14,82.4
2018-02-15,113.8
2018-02-16,156.0
2018-02-17,102.8
2018-02-18,37.6
2018-02-19,169.10001
2018-02-20,92.3
2018-02-21,188.5
2018-02-22,129.2
2018-02-23,110.6
2018-02-24,59.7
2018-02-25,23.0
2018-02-26,94.5
2018-02-27,51.58
2018-02-28,21.66
2018-03-01,66.9
2018-03-02,66.0
2018-03-03,54.2
2018-03-04,28.0
2018-03-05,70.5
2018-03-06,111.0
2018-03-07,110.6
2018-03-08,24.240000000000002
2018-03-09,19.3
2018-03-10,14.45
2018-03-11,15.14
2018-03-12,13.64
2018-03-13,16.32
2018-03-14,16.240000000000002
2018-03-15,17.1
2018-03-16,18.52
2018-03-17,16.1
2018-03-18,20.740000000000002
2018-03-19,17.46
2018-03-20,18.4
2018-03-21,10.075
2018-03-22,22.8
2018-03-23,77.2
2018-03-24,65.6
2018-03-25,43.8
2018-03-26,185.5
2018-03-27,160.3
2018-03-28,212.8
2018-03-29,116.1
2018-03-30,27.3
2018-03-31,29.2
2018-04-01,19.4
2018-04-02,10.8
2018-04-03,41.1
2018-04-04,38.7
2018-04-05,86.5
2018-04-06,58.5
2018-04-07,55.8
2018-04-08,36.9
2018-04-09,103.0
2018-04-10,113.0
2018-04-11,140.5
2018-04-12,145.89999
2018-04-13,155.60001
2018-04-14,61.1
2018-04-15,23.8
2018-04-16,55.9
2018-04-17,39.6
2018-04-18,149.5
2018-04-19,232.3
2018-04-20,172.7
2018-04-21,44.8
2018-04-22,25.1
2018-04-23,76.2
2018-04-24,78.0
2018-04-25,74.5
2018-04-26,75.4
2018-04-27,155.10001
2018-04-28,95.6
2018-04-29,38.9
2018-04-30,60.7
2018-05-01,103.9
2018-05-02,90.0
2018-05-03,208.3
2018-05-04,174.0
2018-05-05,83.7
2018-05-06,37.9
2018-05-07,27.7
2018-05-08,148.2
2018-05-09,130.2
2018-05-10,117.3
2018-05-11,59.6
2018-05-12,87.9
2018-05-13,47.3
2018-05-14,59.5
2018-05-15,100.9
2018-05-16,82.6
2018-05-17,91.0
2018-05-18,136.7
2018-05-19,103.9
2018-05-20,36.0
2018-05-21,158.5
2018-05-22,95.2
2018-05-23,67.4
2018-05-24,139.39999
2018-05-25,128.7
2018-05-26,14.1
2018-05-27,15.5
2018-05-28,14.3
2018-05-29,65.6
2018-05-30,128.2
2018-05-31,77.9
2018-06-01,104.1
2018-06-02,50.9
2018-06-03,36.7
2018-06-04,74.6
2018-06-05,77.5
2018-06-06,123.9
2018-06-07,130.7
2018-06-08,100.8
2018-06-09,41.3
2018-06-10,12.0
2018-06-11,90.9
2018-06-12,88.8
2018-06-13,87.8
2018-06-14,62.0
2018-06-15,85.0
2018-06-16,14.5
2018-06-17,10.3
2018-06-18,33.4
2018-06-19,65.0
2018-06-20,41.6
2018-06-21,59.5
2018-06-22,69.8
2018-06-23,28.2
2018-06-24,18.4
2018-06-25,87.7
2018-06-26,87.3
2018-06-27,55.5
2018-06-28,59.5
2018-06-29,49.3
2018-06-30,16.1
2018-07-01,7.5
2018-07-02,31.8
2018-07-03,35.2
2018-07-04,73.5
2018-07-05,110.2
2018-07-06,59.3
2018-07-07,24.6
2018-07-08,12.3
2018-07-09,77.7
2018-07-10,52.0
2018-07-11,68.3
2018-07-12,73.1
2018-07-13,64.6
2018-07-14,28.7
2018-07-15,15.8
2018-07-16,76.1
2018-07-17,59.3
2018-07-18,113.8
2018-07-19,74.6
2018-07-20,48.4
2018-07-21,38.0
2018-07-22,21.9
2018-07-23,72.4
2018-07-24,68.0
2018-07-25,106.1
2018-07-26,71.3
2018-07-27,76.9
2018-07-28,11.0
2018-07-29,6.7
2018-07-30,38.4
2018-07-31,54.6
2018-08-01,62.5
2018-08-02,80.6
2018-08-03,69.9
2018-08-04,19.7
2018-08-05,14.6
2018-08-06,67.7
2018-08-07,58.9
2018-08-08,46.5
2018-08-09,103.5
2018-08-10,57.8
2018-08-11,34.2
2018-08-12,9.8
2018-08-13,63.1
2018-08-14,95.1
2018-08-15,51.5
2018-08-16,67.5
2018-08-17,72.3
2018-08-18,12.4
2018-08-19,11.7
2018-08-20,70.3
2018-08-21,57.7
2018-08-22,61.4
2018-08-23,55.9
2018-08-24,48.5
2018-08-25,27.9
2018-08-26,12.3
2018-08-27,12.3
2018-08-28,43.1
2018-08-29,58.2
2018-08-30,75.1
2018-08-31,58.9
2018-09-01,23.5
2018-09-02,15.5
2018-09-03,83.9
2018-09-04,44.3
2018-09-05,23.7
2018-09-06,20.6
2018-09-07,16.8
2018-09-08,10.9
2018-09-09,4.4
2018-09-10,26.625
2018-09-11,12.325
2018-09-12,15.725
2018-09-13,19.325
2018-09-14,39.0
2018-09-15,26.3
2018-09-16,7.2
2018-09-17,17.2
2018-09-18,16.8
2018-09-19,15.3
2018-09-20,16.1
2018-09-21,28.0
2018-09-22,27.5
2018-09-23,7.6
2018-09-24,67.4
2018-09-25,120.5
2018-09-26,67.7
2018-09-27,107.0
2018-09-28,53.0
2018-09-29,68.3
2018-09-30,24.7
2018-10-01,45.9
2018-10-02,67.0
2018-10-03,134.7
2018-10-04,102.0
2018-10-05,159.5
2018-10-06,29.4
2018-10-07,40.6
2018-10-08,57.9
2018-10-09,65.3
2018-10-10,116.2
2018-10-11,30.3
2018-10-12,15.7
2018-10-13,11.3
2018-10-14,14.8
2018-10-15,95.1
2018-10-16,59.4
2018-10-17,159.0
2018-10-18,70.4
2018-10-19,117.1
2018-10-20,144.39999
2018-10-21,39.4
2018-10-22,77.8
2018-10-23,76.9
2018-10-24,102.6
2018-10-25,106.9
2018-10-26,59.0
2018-10-27,23.9
2018-10-28,17.4
2018-10-29,60.8
2018-10-30,72.3
2018-10-31,141.8
2018-11-01,135.10001
2018-11-02,158.2
2018-11-03,14.1
2018-11-04,21.3
2018-11-05,168.8
2018-11-06,49.9
2018-11-07,61.9
2018-11-08,37.8
2018-11-09,41.9
2018-11-10,32.5
2018-11-11,12.3
2018-11-12,41.9
2018-11-13,63.2
2018-11-14,55.6
2018-11-15,85.4
2018-11-16,124.5
2018-11-17,57.2
2018-11-18,26.0
2018-11-19,45.0
2018-11-20,95.1
2018-11-21,138.5
2018-11-22,250.3
2018-11-23,159.5
2018-11-24,47.1
2018-11-25,23.4
2018-11-26,87.8
2018-11-27,91.9
2018-11-28,35.9
2018-11-29,37.3
2018-11-30,68.7
2018-12-01,21.8
2018-12-02,11.2
2018-12-03,66.4
2018-12-04,189.10001
2018-12-05,79.3
2018-12-06,55.4
2018-12-07,56.9
2018-12-08,17.4
2018-12-09,22.9
2018-12-10,114.8
2018-12-11,149.60001
2018-12-12,95.4
2018-12-13,143.89999
2018-12-14,137.2
2018-12-15,39.3
2018-12-16,29.0
2018-12-17,76.0
2018-12-18,37.1
2018-12-19,56.9
2018-12-20,66.6
2018-12-21,34.1
2018-12-22,29.2
2018-12-23,16.4
2018-12-24,51.3
2018-12-25,67.4
2018-12-26,13.6
2018-12-27,199.10001
2018-12-28,147.3
2018-12-29,32.6
2018-12-30,23.5
2018-12-31,24.7
2019-01-01,12.3
2019-01-02,38.0
2019-01-03,57.0
2019-01-04,73.9
2019-01-05,28.3
2019-01-06,25.7
2019-01-07,42.6
2019-01-08,42.4
2019-01-09,53.9
2019-01-10,167.39999
2019-01-11,113.7
2019-01-12,25.9
2019-01-13,11.3
2019-01-14,56.0
2019-01-15,51.1
2019-01-16,45.0
2019-01-17,70.6
2019-01-18,62.9
2019-01-19,36.3
2019-01-20,52.0
2019-01-21,162.10001
2019-01-22,114.6
2019-01-23,93.3
2019-01-24,194.10001
2019-01-25,101.8
2019-01-26,17.9
2019-01-27,9.5
2019-01-28,72.1
2019-01-29,77.9
2019-01-30,159.8
2019-01-31,148.7
2019-02-01,53.5
2019-02-02,17.6
2019-02-03,30.8
2019-02-04,75.7
2019-02-05,51.4
2019-02-06,88.2
2019-02-07,35.7
2019-02-08,21.6
2019-02-09,14.1
2019-02-10,14.9
2019-02-11,85.8
2019-02-12,86.0
2019-02-13,81.6
2019-02-14,143.2
2019-02-15,125.8
2019-02-16,24.6
2019-02-17,17.3
2019-02-18,39.2
2019-02-19,41.4
2019-02-20,35.7
2019-02-21,47.2
2019-02-22,126.1
2019-02-23,70.5
2019-02-24,69.5
2019-02-25,150.60001
2019-02-26,171.39999
2019-02-27,176.5
2019-02-28,53.4
2019-03-01,75.4
2019-03-02,6.5
2019-03-03,3.0
2019-03-04,31.9
2019-03-05,43.4
2019-03-06,24.4
2019-03-07,29.6
2019-03-08,48.2
2019-03-09,16.0
2019-03-10,11.3
2019-03-11,30.5
2019-03-12,29.9
2019-03-13,32.3
2019-03-14,34.5
2019-03-15,28.0
2019-03-16,9.5
2019-03-17,15.8
2019-03-18,67.9
2019-03-19,68.3
2019-03-20,60.3
2019-03-21,10.075
2019-03-22,54.2
2019-03-23,24.0
2019-03-24,20.0
2019-03-25,37.6
2019-03-26,88.3
2019-03-27,109.4
2019-03-28,101.8
2019-03-29,72.9
2019-03-30,67.9
2019-03-31,8.2
2019-04-01,70.4
2019-04-02,52.3
2019-04-03,76.6
2019-04-04,28.9
2019-04-05,32.3
2019-04-06,17.0
2019-04-07,22.6
2019-04-08,85.1
2019-04-09,45.5
2019-04-10,34.8
2019-04-11,46.3
2019-04-12,59.0
2019-04-13,16.2
2019-04-14,7.7
2019-04-15,36.5
2019-04-16,81.9
2019-04-17,54.0
2019-04-18,37.5
2019-04-19,9.8
2019-04-20,7.3
2019-04-21,4.3
2019-04-22,6.0
2019-04-23,41.0
2019-04-24,41.2
2019-04-25,29.0
2019-04-26,62.4
2019-04-27,21.8
2019-04-28,21.5
2019-04-29,141.2
2019-04-30,50.4
2019-05-01,77.5
2019-05-02,43.0
2019-05-03,58.0
2019-05-04,10.2
2019-05-05,9.2
2019-05-06,5.9
2019-05-07,34.2
2019-05-08,39.4
2019-05-09,65.4
2019-05-10,47.4
2019-05-11,17.6
2019-05-12,11.8
2019-05-13,38.7
2019-05-14,34.8
2019-05-15,53.7
2019-05-16,38.1
2019-05-17,37.2
2019-05-18,33.8
2019-05-19,18.4
2019-05-20,37.1
2019-05-21,40.4
2019-05-22,56.1
2019-05-23,37.0
2019-05-24,44.0
2019-05-25,23.3
2019-05-26,10.4
2019-05-27,6.0
2019-05-28,37.3
2019-05-29,25.1
2019-05-30,32.9
2019-05-31,36.0
2019-06-01,14.3
2019-06-02,5.6
2019-06-03,28.2
2019-06-04,51.6
2019-06-05,41.9
2019-06-06,45.0
2019-06-07,39.3
2019-06-08,10.6
2019-06-09,14.5
2019-06-10,56.8
2019-06-11,64.2
2019-06-12,99.2
2019-06-13,42.3
2019-06-14,25.9
2019-06-15,12.0
2019-06-16,6.9
2019-06-17,25.4
2019-06-18,87.2
2019-06-19,96.3
2019-06-20,50.2
2019-06-21,57.7
2019-06-22,12.9
2019-06-23,7.7
2019-06-24,58.2
2019-06-25,65.0
2019-06-26,30.0
2019-06-27,36.5
2019-06-28,36.2
2019-06-29,22.7
2019-06-30,7.8
2019-07-01,23.9
2019-07-02,50.3
2019-07-03,61.1
2019-07-04,79.4
2019-07-05,53.4
2019-07-06,20.9
2019-07-07,14.0
2019-07-08,43.2
2019-07-09,42.9
2019-07-10,43.4
2019-07-11,49.9
2019-07-12,18.7
2019-07-13,14.3
2019-07-14,10.2
2019-07-15,46.1
2019-07-16,65.7
2019-07-17,36.4
2019-07-18,47.2
2019-07-19,35.4
2019-07-20,25.1
2019-07-21,17.5
2019-07-22,32.8
2019-07-23,55.3
2019-07-24,50.4
2019-07-25,59.3
2019-07-26,51.6
2019-07-27,20.0
2019-07-28,13.3
2019-07-29,38.5
2019-07-30,21.9
2019-07-31,30.6
2019-08-01,61.7
2019-08-02,36.0
2019-08-03,19.2
2019-08-04,6.5
2019-08-05,22.7
2019-08-06,21.2
2019-08-07,27.8
2019-08-08,47.5
2019-08-09,15.6
2019-08-10,3.6
2019-08-11,3.5
2019-08-12,45.6
2019-08-13,36.3
2019-08-14,27.2
2019-08-15,30.7
2019-08-16,21.9
2019-08-17,10.5
2019-08-18,6.6
2019-08-19,18.6
2019-08-20,35.9
2019-08-21,41.1
2019-08-22,28.5
2019-08-23,53.4
2019-08-24,21.3
2019-08-25,10.3
2019-08-26,8.9
2019-08-27,37.5
2019-08-28,31.8
2019-08-29,42.6
2019-08-30,22.5
2019-08-31,12.7
2019-09-01,10.5
2019-09-02,26.5
2019-09-03,31.3
2019-09-04,29.9
2019-09-05,43.1
2019-09-06,36.9
2019-09-07,12.6
2019-09-08,11.7
2019-09-09,24.8
2019-09-10,91.6
2019-09-11,36.9
2019-09-12,45.3
2019-09-13,50.6
2019-09-14,37.0
2019-09-15,23.7
2019-09-16,76.7
2019-09-17,53.9
2019-09-18,84.9
2019-09-19,85.3
2019-09-20,59.9
2019-09-21,29.3
2019-09-22,12.3
2019-09-23,24.4
2019-09-24,36.7
2019-09-25,46.0
2019-09-26,29.2
2019-09-27,4.5
2019-09-28,2.6
2019-09-29,2.0
2019-09-30,15.3
2019-10-01,12.5
2019-10-02,11.5
2019-10-03,34.3
2019-10-04,56.3
2019-10-05,34.3
2019-10-06,7.8
2019-10-07,61.8
2019-10-08,34.1
2019-10-09,34.1
2019-10-10,34.2
2019-10-11,24.5
2019-10-12,33.8
2019-10-13,10.2
2019-10-14,86.1
2019-10-15,73.0
2019-10-16,65.0
2019-10-17,42.7
2019-10-18,24.7
2019-10-19,24.9
2019-10-20,18.3
2019-10-21,42.9
2019-10-22,108.0
2019-10-23,135.0
2019-10-24,113.1
2019-10-25,28.9
2019-10-26,14.4
2019-10-27,23.3
2019-10-28,65.6
2019-10-29,61.7
2019-10-30,25.433333333333334
2019-10-31,50.800000000000004
2019-11-01,42.1
2019-11-02,9.3
2019-11-03,21.9
2019-11-04,80.2
2019-11-05,85.7
2019-11-06,103.9
2019-11-07,73.7
2019-11-08,113.1
2019-11-09,75.9
2019-11-10,23.3
2019-11-11,43.4
2019-11-12,58.7
2019-11-13,134.39999
2019-11-14,183.2
2019-11-15,101.3
2019-11-16,105.4
2019-11-17,118.4
2019-11-18,98.6
2019-11-19,210.5
2019-11-20,103.5
2019-11-21,165.5
2019-11-22,78.1
2019-11-23,92.2
2019-11-24,72.4
2019-11-25,84.6
2019-11-26,59.8
2019-11-27,99.7
2019-11-28,116.7
2019-11-29,193.5
2019-11-30,126.3
2019-12-01,37.9
2019-12-02,216.2
2019-12-03,111.4
2019-12-04,189.0
2019-12-05,90.0
2019-12-06,30.3
2019-12-07,23.7
2019-12-08,8.7
2019-12-09,30.85
2019-12-10,44.9
2019-12-11,71.9
2019-12-12,55.8
2019-12-13,47.1
2019-12-14,17.7
2019-12-15,10.0
2019-12-16,81.9
2019-12-17,122.7
2019-12-18,41.5
2019-12-19,24.4
2019-12-20,55.5
2019-12-21,14.0
2019-12-22,15.5
2019-12-23,24.3
2019-12-24,6.9
2019-12-25,8.9
2019-12-26,8.3
2019-12-27,45.7
2019-12-28,19.9
2019-12-29,17.3
2019-12-30,39.7
2019-12-31,37.6
2020-01-01,30.7
2020-01-02,9.2
2020-01-03,17.5
2020-01-04,24.7
2020-01-05,8.7
2020-01-06,18.4
2020-01-07,19.1
2020-01-08,37.4
2020-01-09,7.0
2020-01-10,11.1
2020-01-11,3.5
2020-01-12,6.1
2020-01-13,11.9
2020-01-14,14.6
2020-01-15,42.9
2020-01-16,19.5
2020-01-17,29.9
2020-01-18,28.1
2020-01-19,35.2
2020-01-20,183.10001
2020-01-21,177.89999
2020-01-22,126.6
2020-01-23,97.1
2020-01-24,92.1
2020-01-25,20.7
2020-01-26,6.8
2020-01-27,36.0
2020-01-28,29.9
2020-01-29,52.6
2020-01-30,65.2
2020-01-31,55.5
2020-02-01,41.160000000000004
2020-02-02,37.14
2020-02-03,28.9
2020-02-04,34.7
2020-02-05,109.1
2020-02-06,135.39999
2020-02-07,44.1
2020-02-08,11.6
2020-02-09,3.5
2020-02-10,17.2
2020-02-11,21.1
2020-02-12,32.9
2020-02-13,33.5
2020-02-14,35.6
2020-02-15,7.4
2020-02-16,6.6
2020-02-17,26.4
2020-02-18,21.9
2020-02-19,37.3
2020-02-20,25.2
2020-02-21,18.2
2020-02-22,10.6
2020-02-23,10.0
2020-02-24,18.2
2020-02-25,28.1
2020-02-26,46.5
2020-02-27,58.1
2020-02-28,26.6
2020-02-29,11.9
2020-03-01,8.3
2020-03-02,39.0
2020-03-03,51.4
2020-03-04,64.8
2020-03-05,31.8
2020-03-06,78.1
2020-03-07,35.1
2020-03-08,12.9
2020-03-09,46.8
2020-03-10,34.2
2020-03-11,21.9
2020-03-12,23.2
2020-03-13,35.6
2020-03-14,11.3
2020-03-15,4.9
2020-03-16,40.4
2020-03-17,12.7
2020-03-18,5.1
2020-03-19,5.9
2020-03-20,2.8
2020-03-21,2.0
2020-03-22,1.4
2020-03-23,6.0
2020-03-24,3.0
2020-03-25,12.9
2020-03-26,3.3
2020-03-27,2.3
2020-03-28,1.8
2020-03-29,1.5
2020-03-30,3.3
2020-03-31,2.8
2020-04-01,7.0
2020-04-02,2.9
2020-04-03,3.7
2020-04-04,1.9
2020-04-05,1.4
2020-04-06,2.7
2020-04-07,3.8
2020-04-08,2.9
2020-04-09,4.7
2020-04-10,2.2
2020-04-11,3.7
2020-04-12,1.5
2020-04-13,1.5
2020-04-14,2.4
2020-04-15,3.3
2020-04-16,3.7
2020-04-17,2.1
2020-04-18,2.9
2020-04-19,2.5
2020-04-20,3.6
2020-04-21,3.1
2020-04-22,2.2
2020-04-23,2.2
2020-04-24,2.5
2020-04-25,1.5
2020-04-26,1.9
2020-04-27,3.4
2020-04-28,2.9
2020-04-29,2.5
2020-04-30,2.6
2020-05-01,3.1
2020-05-02,1.9
2020-05-03,1.8
2020-05-04,1.7
2020-05-05,1.1
2020-05-06,1.1
2020-05-07,2.9
2020-05-08,0.5
2020-05-09,0.6
2020-05-10,0.3
2020-05-11,1.4
2020-05-12,1.5
2020-05-13,1.2
2020-05-14,1.6
2020-05-15,1.8
2020-05-16,1.1
2020-05-17,1.3
2020-05-18,1.7
2020-05-19,1.6
2020-05-20,2.5
2020-05-21,1.2
2020-05-22,1.1
2020-05-23,0.9
2020-05-24,0.8
2020-05-25,1.1
2020-05-26,1.2
2020-05-27,2.2
2020-05-28,1.3
2020-05-29,1.3
2020-05-30,0.6
2020-05-31,0.5
2020-06-01,1.3
2020-06-02,1.1
2020-06-03,1.3
2020-06-04,1.1
2020-06-05,1.7
2020-06-06,1.7
2020-06-07,1.3
2020-06-08,1.3
2020-06-09,2.1
2020-06-10,2.3
2020-06-11,1.5
2020-06-12,1.5
2020-06-13,1.2
2020-06-14,0.7
2020-06-15,2.1
2020-06-16,1.3
2020-06-17,6.9
2020-06-18,1.4
2020-06-19,1.8
2020-06-20,1.2
2020-06-21,1.3
2020-06-22,2.3
2020-06-23,4.2
2020-06-24,23.9
2020-06-25,1.4
2020-06-26,0.7
2020-06-27,1.0
2020-06-28,1.1
2020-06-29,2.5
2020-06-30,3.2
2020-07-01,2.9
2020-07-02,2.9
2020-07-03,2.3
2020-07-04,2.5
2020-07-05,1.7
2020-07-06,2.8
2020-07-07,3.3
2020-07-08,6.1
2020-07-09,5.4
2020-07-10,2.0
2020-07-11,1.5
2020-07-12,3.2
2020-07-13,1.5
2020-07-14,2.2
2020-07-15,3.4
2020-07-16,2.0
2020-07-17,3.3
2020-07-18,2.1
2020-07-19,1.4
2020-07-20,1.9
2020-07-21,1.6
2020-07-22,1.8
2020-07-23,2.6
2020-07-24,3.6
2020-07-25,2.0
2020-07-26,2.7
2020-07-27,2.2
2020-07-28,2.7
2020-07-29,5.5
2020-07-30,3.0
2020-07-31,1.6
2020-08-01,1.5
2020-08-02,1.2
2020-08-03,1.5
2020-08-04,2.4
2020-08-05,2.3
2020-08-06,2.3
2020-08-07,5.4
2020-08-08,3.5
2020-08-09,0.1
2020-08-10,0.5
2020-08-11,0.6
2020-08-12,0.8
2020-08-13,0.2
2020-08-14,1.1
2020-08-15,1.0
2020-08-16,0.5
2020-08-17,1.7
2020-08-18,2.6
2020-08-19,1.5
2020-08-20,1.6
2020-08-21,1.3
2020-08-22,1.3
2020-08-23,1.6
2020-08-24,2.9
2020-08-25,1.5
2020-08-26,2.4
2020-08-27,3.1
2020-08-28,2.7
2020-08-29,0.8
2020-08-30,0.7
2020-08-31,3.4
2020-09-01,8.7
2020-09-02,2.5
2020-09-03,3.2
2020-09-04,4.2
2020-09-05,2.3
2020-09-06,2.4
2020-09-07,8.8
2020-09-08,4.8
2020-09-09,3.3
2020-09-10,4.8
2020-09-11,6.4
2020-09-12,2.0
2020-09-13,1.4
2020-09-14,10.4
2020-09-15,2.0
2020-09-16,0.8
2020-09-17,0.9
2020-09-18,2.5
2020-09-19,0.6
2020-09-20,0.3
2020-09-21,6.0
2020-09-22,4.1
2020-09-23,2.9
2020-09-24,2.7
2020-09-25,1.7
2020-09-26,1.0
2020-09-27,0.5
2020-09-28,4.7
2020-09-29,5.1
2020-09-30,1.9
2020-10-01,3.3
2020-10-02,2.0
2020-10-03,1.4
2020-10-04,1.4
2020-10-05,7.0
2020-10-06,4.5
2020-10-07,5.1
2020-10-08,2.9
2020-10-09,10.5
2020-10-10,3.1
2020-10-11,1.1
2020-10-12,12.9
2020-10-13,3.8
2020-10-14,4.1
2020-10-15,2.5
2020-10-16,3.5
2020-10-17,1.3
2020-10-18,4.4
2020-10-19,1.7
2020-10-20,1.5
2020-10-21,5.7
2020-10-22,3.7
2020-10-23,3.0
2020-10-24,0.4
2020-10-25,0.9
2020-10-26,4.2
2020-10-27,2.4
2020-10-28,3.3
2020-10-29,2.5
2020-10-30,2.2
2020-10-31,1.0
2020-11-01,0.8
2020-11-02,2.2
2020-11-03,4.2
2020-11-04,24.2
2020-11-05,83.9
2020-11-06,33.3
2020-11-07,26.7
2020-11-08,14.0
2020-11-09,4.6
2020-11-10,2.9
2020-11-11,1.4
2020-11-12,2.4
2020-11-13,3.2
2020-11-14,0.3
2020-11-15,0.6
2020-11-16,2.5
2020-11-17,2.1
2020-11-18,1.9
2020-11-19,2.9
2020-11-20,6.8
2020-11-21,1.4
2020-11-22,2.2
2020-11-23,19.9
2020-11-24,2.1
2020-11-25,2.2
2020-11-26,15.6
2020-11-27,42.3
2020-11-28,19.3
2020-11-29,6.6
2020-11-30,12.2
2020-12-01,1.9
2020-12-02,27.2
2020-12-03,5.6
2020-12-04,7.2
2020-12-05,3.0
2020-12-06,3.0
2020-12-07,17.0
2020-12-08,42.6
2020-12-09,11.5
2020-12-10,4.7
2020-12-11,12.9
2020-12-12,4.9
2020-12-13,1.3
2020-12-14,2.3
2020-12-15,3.0
2020-12-16,1.8
2020-12-17,3.7
2020-12-18,0.9
2020-12-19,1.0
2020-12-20,1.2
2020-12-21,2.1
2020-12-22,11.3
2020-12-23,4.2
2020-12-24,3.7
2020-12-25,3.5
2020-12-26,0.8
2020-12-27,1.5
2020-12-28,4.5
2020-12-29,5.8
2020-12-30,10.3
2020-12-31,6.9
2021-01-01,7.5
2021-01-02,5.3
2021-01-03,1.8
2021-01-04,1.6
2021-01-05,2.9
2021-01-06,4.6
2021-01-07,15.0
2021-01-08,20.7
2021-01-09,18.9
2021-01-10,5.3
2021-01-11,3.0
2021-01-12,6.2
2021-01-13,22.1
2021-01-14,2.8
2021-01-15,14.0
2021-01-16,5.0
2021-01-17,2.2
2021-01-18,5.2
2021-01-19,2.0
2021-01-20,1.1
2021-01-21,3.3
2021-01-22,7.2
2021-01-23,6.9
2021-01-24,3.0
2021-01-25,7.9
2021-01-26,12.5
2021-01-27,8.8
2021-01-28,3.7
2021-01-29,3.0
2021-01-30,1.1
2021-01-31,2.6
2021-02-01,3.9
2021-02-02,3.9
2021-02-03,6.1
2021-02-04,1.8
2021-02-05,3.3
2021-02-06,2.1
2021-02-07,0.5
2021-02-08,1.3
2021-02-09,2.4
2021-02-10,4.0
2021-02-11,1.9
2021-02-12,1.7
2021-02-13,1.3
2021-02-14,0.7
2021-02-15,2.9
2021-02-16,2.9
2021-02-17,1.5
2021-02-18,2.0
2021-02-19,1.0
2021-02-20,0.7
2021-02-21,0.8
2021-02-22,7.5
2021-02-23,1.1
2021-02-24,1.4
2021-02-25,2.1
2021-02-26,8.5
2021-02-27,2.2
2021-02-28,1.1
2021-03-01,1.9
2021-03-02,11.6
2021-03-03,25.8
2021-03-04,1.5
2021-03-05,1.1
2021-03-06,0.8
2021-03-07,2.8
2021-03-08,17.0
2021-03-09,7.9
2021-03-10,2.3
2021-03-11,3.1
2021-03-12,3.2
2021-03-13,2.6
2021-03-14,2.5
2021-03-15,2.1
2021-03-16,8.0
2021-03-17,17.2
2021-03-18,2.3
2021-03-19,1.4
2021-03-20,8.8
2021-03-21,3.7
2021-03-22,20.1
2021-03-23,11.7
2021-03-24,29.4
2021-03-25,4.3
2021-03-26,2.3
2021-03-27,1.9
2021-03-28,1.2
2021-03-29,3.1
2021-03-30,27.6
2021-03-31,37.1
2021-04-01,6.7
2021-04-02,0.9
2021-04-03,4.0
2021-04-04,2.4
2021-04-05,0.9
2021-04-06,1.6
2021-04-07,9.8
2021-04-08,3.4
2021-04-09,4.4
2021-04-10,1.0
2021-04-11,1.1
2021-04-12,5.6
2021-04-13,14.9
2021-04-14,4.5
2021-04-15,5.4
2021-04-16,5.7
2021-04-17,1.6
2021-04-18,0.9
2021-04-19,4.0
2021-04-20,7.2
2021-04-21,3.1
2021-04-22,2.8
2021-04-23,2.3
2021-04-24,1.5
2021-04-25,0.5
2021-04-26,2.0
2021-04-27,44.040002
2021-04-28,31.259999999999998
2021-04-29,41.86
2021-04-30,25.28
2021-05-01,38.42
2021-05-02,31.28
2021-05-03,61.36
2021-05-04,44.339999999999996
2021-05-05,25.160000000000004
2021-05-06,14.14
2021-05-07,16.26
2021-05-08,39.64
2021-05-09,45.32
2021-05-10,40.12
2021-05-11,26.420000000000005
2021-05-12,25.640000000000004
2021-05-13,20.240000000000002
2021-05-14,22.22
2021-05-15,34.78
2021-05-16,29.679999999999996
2021-05-17,33.04
2021-05-18,41.879999999999995
2021-05-19,32.440000000000005
2021-05-20,19.34
2021-05-21,41.78
2021-05-22,33.12
2021-05-23,28.78
2021-05-24,44.319998
2021-05-25,36.62
2021-05-26,9.78
2021-05-27,7.5200000000000005
2021-05-28,12.459999999999999
2021-05-29,19.6
2021-05-30,35.779999999999994
2021-05-31,28.160000000000004
2021-06-01,30.32
2021-06-02,13.779999999999998
2021-06-03,14.98
2021-06-04,26.48
2021-06-05,27.419999999999998
2021-06-06,42.040000000000006
2021-06-07,43.72
2021-06-08,2.8
2021-06-09,2.2
2021-06-10,3.9
2021-06-11,3.8
2021-06-12,1.5
2021-06-13,1.1
2021-06-14,1.6
2021-06-15,2.0
2021-06-16,2.0
2021-06-17,2.2
2021-06-18,1.4
2021-06-19,2.4
2021-06-20,1.1
2021-06-21,1.3
2021-06-22,1.6
2021-06-23,1.5
2021-06-24,4.3
2021-06-25,7.5
2021-06-26,7.8
2021-06-27,7.0
2021-06-28,12.5
2021-06-29,1.7
2021-06-30,1.5
2021-07-01,2.0
2021-07-02,2.9
2021-07-03,1.9
2021-07-04,1.3
2021-07-05,2.4
2021-07-06,2.9
2021-07-07,3.4
2021-07-08,3.4
2021-07-09,4.3
2021-07-10,4.1
2021-07-11,2.1
2021-07-12,2.5
2021-07-13,1.6
2021-07-14,2.2
2021-07-15,2.5
2021-07-16,5.3
2021-07-17,1.9
2021-07-18,2.5
2021-07-19,3.4
2021-07-20,3.0
2021-07-21,2.6
2021-07-22,1.3
2021-07-23,1.2
2021-07-24,1.6
2021-07-25,0.7
2021-07-26,2.4
2021-07-27,1.4
2021-07-28,3.9
2021-07-29,3.4
2021-07-30,2.1
2021-07-31,2.3
2021-08-01,2.1
2021-08-02,3.0
2021-08-03,1.7
2021-08-04,3.9
2021-08-05,1.4
2021-08-06,2.7
2021-08-07,1.7
2021-08-08,1.6
2021-08-09,3.7
2021-08-10,2.9
2021-08-11,4.5
2021-08-12,3.7
2021-08-13,3.0
2021-08-14,1.5
2021-08-15,1.4
2021-08-16,1.3
2021-08-17,2.6
2021-08-18,2.7
2021-08-19,3.5
2021-08-20,3.5
2021-08-21,2.1
2021-08-22,0.9
2021-08-23,4.5
2021-08-24,1.8
2021-08-25,2.0
2021-08-26,1.4
2021-08-27,6.7
2021-08-28,2.0
2021-08-29,2.5
2021-08-30,1.2
2021-08-31,1.6
2021-09-01,2.1
2021-09-02,1.9
2021-09-03,2.7
2021-09-04,1.3
2021-09-05,0.7
2021-09-06,7.3
2021-09-07,10.1
2021-09-08,8.8
2021-09-09,1.8
2021-09-10,2.7
2021-09-11,2.7
2021-09-12,1.7
2021-09-13,3.3
2021-09-14,10.8
2021-09-15,5.1
2021-09-16,10.0
2021-09-17,3.4
2021-09-18,4.5
2021-09-19,4.0
2021-09-20,26.0
2021-09-21,51.8
2021-09-22,19.0
2021-09-23,14.7
2021-09-24,9.4
2021-09-25,24.6
2021-09-26,4.1
2021-09-27,5.7
2021-09-28,7.7
2021-09-29,17.2
2021-09-30,9.0
2021-10-01,10.8
2021-10-02,9.2
2021-10-03,4.2
2021-10-04,9.5
2021-10-05,10.0
2021-10-06,22.4
2021-10-07,35.7
2021-10-08,55.6
2021-10-09,46.0
2021-10-10,28.0
2021-10-11,34.3
2021-10-12,39.6
2021-10-13,50.9
2021-10-14,26.5
2021-10-15,58.5
2021-10-16,39.7
2021-10-17,4.3
2021-10-18,7.3
2021-10-19,7.9
2021-10-20,10.4
2021-10-21,23.6
2021-10-22,16.9
2021-10-23,3.5
2021-10-24,1.4
2021-10-25,13.5
2021-10-26,9.2
2021-10-27,6.2
2021-10-28,9.8
2021-10-29,33.425
2021-10-30,25.433333333333334
2021-10-31,50.800000000000004
2021-11-01,46.0250025
2021-11-02,72.4
2021-11-03,87.1
2021-11-04,32.7
2021-11-05,48.3
2021-11-06,9.4
2021-11-07,11.1
2021-11-08,28.7
2021-11-09,14.4
2021-11-10,38.6
2021-11-11,24.4
2021-11-12,8.6
2021-11-13,25.8
2021-11-14,6.0
2021-11-15,34.3
2021-11-16,43.9
2021-11-17,29.9
2021-11-18,20.8
2021-11-19,23.8
2021-11-20,16.7
2021-11-21,4.7
2021-11-22,26.4
2021-11-23,79.0
2021-11-24,108.4
2021-11-25,41.9
2021-11-26,25.1
2021-11-27,7.2
2021-11-28,8.8
2021-11-29,55.3
2021-11-30,25.0
2021-12-01,27.5
2021-12-02,43.6
2021-12-03,95.2
2021-12-04,31.8
2021-12-05,3.6
2021-12-06,22.6
2021-12-07,10.4
2021-12-08,15.1
2021-12-09,25.3
2021-12-10,21.6
2021-12-11,17.2
2021-12-12,7.4
2021-12-13,10.8
2021-12-14,17.5
2021-12-15,17.7
2021-12-16,26.3
2021-12-17,14.8
2021-12-18,11.0
2021-12-19,12.6
2021-12-20,12.6
2021-12-21,16.2
2021-12-22,17.6
2021-12-23,13.55
2021-12-24,16.05
2021-12-25,20.35
2021-12-26,6.25
2021-12-27,62.3250025
2021-12-28,43.650000000000006
2021-12-29,15.225000000000001
2021-12-30,19.25
2021-12-31,18.0
2022-01-01,15.0
2022-01-02,18.82
2022-01-03,22.740000000000002
2022-01-04,33.06
2022-01-05,26.919999999999998
2022-01-06,27.2
2022-01-07,9.9
2022-01-08,4.0
2022-01-09,7.7
2022-01-10,30.3
2022-01-11,26.4
2022-01-12,77.5
2022-01-13,73.9
2022-01-14,127.6
2022-01-15,25.5
2022-01-16,8.8
2022-01-17,76.2
2022-01-18,102.5
2022-01-19,20.0
2022-01-20,14.9
2022-01-21,42.9
2022-01-22,11.4
2022-01-23,4.5
2022-01-24,21.5
2022-01-25,27.6
2022-01-26,28.1
2022-01-27,22.9
2022-01-28,26.9
2022-01-29,6.2
2022-01-30,7.2
2022-01-31,7.4
2022-02-01,12.6
2022-02-02,24.7
2022-02-03,14.6
2022-02-04,11.7
2022-02-05,10.9
2022-02-06,2.8
2022-02-07,17.4
2022-02-08,9.6
2022-02-09,14.4
2022-02-10,19.4
2022-02-11,26.5
2022-02-12,3.8
2022-02-13,1.2
2022-02-14,9.3
2022-02-15,10.0
2022-02-16,7.4
2022-02-17,10.4
2022-02-18,4.2
2022-02-19,5.6
2022-02-20,2.0
2022-02-21,6.2
2022-02-22,10.7
2022-02-23,9.6
2022-02-24,11.7
2022-02-25,28.5
2022-02-26,8.5
2022-02-27,5.1
2022-02-28,5.7
2022-03-01,60.6
2022-03-02,47.7
2022-03-03,69.9
2022-03-04,21.3
2022-03-05,5.5
2022-03-06,4.0
2022-03-07,8.8
2022-03-08,17.2
2022-03-09,6.5
2022-03-10,10.0
2022-03-11,7.5
2022-03-12,6.9
2022-03-13,3.9
2022-03-14,18.3
2022-03-15,21.9
2022-03-16,26.1
2022-03-17,21.8
2022-03-18,18.1
2022-03-19,6.0
2022-03-20,5.0
2022-03-21,23.5
2022-03-22,29.5
2022-03-23,35.1
2022-03-24,45.1
2022-03-25,17.9
2022-03-26,26.7
2022-03-27,12.7
2022-03-28,21.9
2022-03-29,13.9
2022-03-30,13.3
2022-03-31,17.4
2022-04-01,9.4
2022-04-02,7.1
2022-04-03,3.8
2022-04-04,10.5
2022-04-05,11.4
2022-04-06,8.1
2022-04-07,8.3
2022-04-08,19.4
2022-04-09,6.2
2022-04-10,4.8
2022-04-11,12.8
2022-04-12,12.8
2022-04-13,13.8
2022-04-14,32.0
2022-04-15,13.8
2022-04-16,8.1
2022-04-17,4.1
2022-04-18,3.9
2022-04-19,16.0
2022-04-20,12.8
2022-04-21,12.0
2022-04-22,8.9
2022-04-23,4.5
2022-04-24,3.5
2022-04-25,13.0
2022-04-26,16.5
2022-04-27,17.9
2022-04-28,17.3
2022-04-29,13.8
2022-04-30,7.6
2022-05-01,3.8
2022-05-02,8.1
2022-05-03,23.1
2022-05-04,24.3
2022-05-05,21.6
2022-05-06,21.6
2022-05-07,7.0
2022-05-08,3.8
2022-05-09,11.9
2022-05-10,10.5
2022-05-11,11.9
2022-05-12,17.0
2022-05-13,8.6
2022-05-14,9.0
2022-05-15,6.4
2022-05-16,8.2
2022-05-17,9.8
2022-05-18,14.9
2022-05-19,21.3
2022-05-20,16.0
2022-05-21,5.6
2022-05-22,4.2
2022-05-23,21.3
2022-05-24,17.9
2022-05-25,10.1
2022-05-26,14.0
2022-05-27,9.6
2022-05-28,6.3
2022-05-29,4.0
2022-05-30,11.2
2022-05-31,19.2
2022-06-01,25.3
2022-06-02,5.5
2022-06-03,4.5
2022-06-04,2.2
2022-06-05,5.2
2022-06-06,26.1
2022-06-07,28.6
2022-06-08,14.5
2022-06-09,18.2
2022-06-10,12.1
2022-06-11,6.1
2022-06-12,4.7
2022-06-13,12.7
2022-06-14,8.4
2022-06-15,12.7
2022-06-16,21.9
2022-06-17,5.9
2022-06-18,4.5
2022-06-19,3.2
2022-06-20,13.3
2022-06-21,21.9
2022-06-22,14.9
2022-06-23,16.8
2022-06-24,5.7
2022-06-25,3.2
2022-06-26,2.9
2022-06-27,10.0
2022-06-28,8.7
2022-06-29,10.2
2022-06-30,17.6
2022-07-01,11.8
2022-07-02,4.8
2022-07-03,3.8
2022-07-04,12.5
2022-07-05,12.1
2022-07-06,20.3
2022-07-07,18.3
2022-07-08,11.1
2022-07-09,5.5
2022-07-10,2.1
2022-07-11,10.1
2022-07-12,10.3
2022-07-13,11.8
2022-07-14,12.3
2022-07-15,10.6
2022-07-16,4.2
2022-07-17,2.5
2022-07-18,13.7
2022-07-19,9.8
2022-07-20,7.7
2022-07-21,17.9
2022-07-22,7.3
2022-07-23,4.1
2022-07-24,2.6
2022-07-25,8.2
2022-07-26,17.1
2022-07-27,15.1
2022-07-28,10.0
2022-07-29,12.3
2022-07-30,4.2
2022-07-31,3.5
2022-08-01,11.5
2022-08-02,8.4
2022-08-03,11.7
2022-08-04,10.0
2022-08-05,6.0
2022-08-06,16.5
2022-08-07,5.9
2022-08-08,11.0
2022-08-09,10.4
2022-08-10,6.1
2022-08-11,9.1
2022-08-12,5.2
2022-08-13,5.2
2022-08-14,2.2
2022-08-15,5.8
2022-08-16,10.8
2022-08-17,9.8
2022-08-18,10.5
2022-08-19,14.5
2022-08-20,4.3
2022-08-21,2.9
2022-08-22,9.2
2022-08-23,14.1
2022-08-24,12.9
2022-08-25,22.5
2022-08-26,21.0
2022-08-27,16.8
2022-08-28,3.0
2022-08-29,2.7
2022-08-30,9.6
2022-08-31,8.8
2022-09-01,13.2
2022-09-02,16.6
2022-09-03,6.7
2022-09-04,3.0
2022-09-05,15.3
2022-09-06,6.7
2022-09-07,10.4
2022-09-08,10.0
2022-09-09,18.2
2022-09-10,7.4
2022-09-11,3.3
2022-09-12,13.9
2022-09-13,22.0
2022-09-14,24.7
2022-09-15,26.3
2022-09-16,13.4
2022-09-17,9.5
2022-09-18,5.5
2022-09-19,3.0
2022-09-20,31.0
2022-09-21,37.4
2022-09-22,13.9
2022-09-23,24.3
2022-09-24,7.4
2022-09-25,4.9
2022-09-26,10.2
2022-09-27,20.6
2022-09-28,33.5
2022-09-29,53.3
2022-09-30,21.6
2022-10-01,6.2
2022-10-02,6.0
2022-10-03,32.2
2022-10-04,9.5
2022-10-05,6.3
2022-10-06,13.6
2022-10-07,9.8
2022-10-08,16.7
2022-10-09,4.9
2022-10-10,16.1
2022-10-11,51.7
2022-10-12,17.0
2022-10-13,44.5
2022-10-14,25.1
2022-10-15,4.6
2022-10-16,2.6
2022-10-17,11.1
2022-10-18,30.4
2022-10-19,13.0
2022-10-20,42.0
2022-10-21,6.2
2022-10-22,5.4
2022-10-23,3.8
2022-10-24,7.7
2022-10-25,14.6
2022-10-26,5.0
2022-10-27,9.6
2022-10-28,9.5
2022-10-29,8.7
2022-10-30,1.8
2022-10-31,9.6
2022-11-01,6.1
2022-11-02,9.0
2022-11-03,30.3
2022-11-04,24.2
2022-11-05,6.7
2022-11-06,2.3
2022-11-07,7.3
2022-11-08,8.6
2022-11-09,12.1
2022-11-10,11.5
2022-11-11,9.0
2022-11-12,22.2
2022-11-13,21.5
2022-11-14,81.9
2022-11-15,22.0
2022-11-16,34.7
2022-11-17,26.1
2022-11-18,35.3
2022-11-19,18.8
2022-11-20,9.1
2022-11-21,24.4
2022-11-22,28.1
2022-11-23,11.6
2022-11-24,8.7
2022-11-25,21.2
2022-11-26,3.6
2022-11-27,4.9
2022-11-28,26.0
2022-11-29,34.5
2022-11-30,46.5
2022-12-01,47.6
2022-12-02,29.3
2022-12-03,9.1
2022-12-04,6.4
2022-12-05,83.5
2022-12-06,99.0
2022-12-07,90.7
2022-12-08,59.3
2022-12-09,63.7
2022-12-10,38.5
2022-12-11,65.9
2022-12-12,25.6
2022-12-13,40.3
2022-12-14,28.3
2022-12-15,47.0
2022-12-16,121.9
2022-12-17,31.2
2022-12-18,4.7
2022-12-19,3.9
2022-12-20,16.7
2022-12-21,15.8
2022-12-22,14.4
2022-12-23,9.3
2022-12-24,2.3
2022-12-25,1.6
2022-12-26,2.3
2022-12-27,3.0
2022-12-28,2.9
2022-12-29,5.2
2022-12-30,3.5
2022-12-31,2.8
2023-01-01,3.4
2023-01-02,5.7
2023-01-03,2.6
2023-01-04,5.8
2023-01-05,8.0
2023-01-06,5.7
2023-01-07,2.2
2023-01-08,2.4
2023-01-09,11.3
2023-01-10,5.4
2023-01-11,9.8
2023-01-12,7.7
2023-01-13,9.2
2023-01-14,4.0
2023-01-15,4.1
2023-01-16,12.7
2023-01-17,58.2
2023-01-18,38.4
2023-01-19,54.4
2023-01-20,25.3
2023-01-21,26.0
2023-01-22,35.9
2023-01-23,52.3
2023-01-24,26.6
2023-01-25,62.3
2023-01-26,18.3
2023-01-27,20.6
2023-01-28,19.9
2023-01-29,10.5
2023-01-30,20.2
2023-01-31,17.0
2023-02-01,11.9
2023-02-02,14.9
2023-02-03,15.8
2023-02-04,8.7
2023-02-05,6.5
2023-02-06,47.6
2023-02-07,86.1
2023-02-08,77.2
2023-02-09,51.2
2023-02-10,43.3
2023-02-11,12.8
2023-02-12,5.7
2023-02-13,18.8
2023-02-14,75.9
2023-02-15,23.3
2023-02-16,13.1
2023-02-17,9.3
2023-02-18,6.2
2023-02-19,5.3
2023-02-20,12.1
2023-02-21,26.5
2023-02-22,31.9
2023-02-23,17.3
2023-02-24,31.7
2023-02-25,9.5
2023-02-26,5.2
2023-02-27,16.0
2023-02-28,21.5
2023-03-01,18.9
2023-03-02,19.1
2023-03-03,20.9
2023-03-04,6.4
2023-03-05,5.3
2023-03-06,22.1
2023-03-07,30.8
2023-03-08,25.9
2023-03-09,19.3
2023-03-10,14.45
2023-03-11,12.7
2023-03-12,5.0
2023-03-13,7.2
2023-03-14,14.6
2023-03-15,28.6
2023-03-16,8.6
2023-03-17,13.0
2023-03-18,10.3
2023-03-19,5.7
2023-03-20,15.1
2023-03-21,11.1
2023-03-22,8.8
2023-03-23,9.0
2023-03-24,10.9
2023-03-25,5.9
2023-03-26,4.6
2023-03-27,20.8
2023-03-28,11.8
2023-03-29,13.9
2023-03-30,11.4
2023-03-31,11.1
2023-04-01,5.4
2023-04-02,4.1
2023-04-03,14.8
2023-04-04,23.3
2023-04-05,22.2
2023-04-06,15.5
2023-04-07,12.6
2023-04-08,10.0
2023-04-09,3.6
2023-04-10,2.7
2023-04-11,7.8
2023-04-12,9.2
2023-04-13,11.4
2023-04-14,11.1
2023-04-15,5.4
2023-04-16,8.2
2023-04-17,14.4
2023-04-18,9.1
2023-04-19,12.6
2023-04-20,11.2
2023-04-21,17.3
2023-04-22,14.1
2023-04-23,5.8
2023-04-24,15.5
2023-04-25,17.5
2023-04-26,15.4
2023-04-27,22.0
2023-04-28,19.0
2023-04-29,12.9
2023-04-30,5.1
2023-05-01,3.8
2023-05-02,13.4
2023-05-03,15.6
2023-05-04,11.5
2023-05-05,10.2
2023-05-06,4.2
2023-05-07,9.5
2023-05-08,6.3
2023-05-09,18.5
2023-05-10,25.1
2023-05-11,41.6
2023-05-12,10.0
2023-05-13,5.4
2023-05-14,6.2
2023-05-15,11.1
2023-05-16,18.4
2023-05-17,25.9
2023-05-18,22.3
2023-05-19,17.0
2023-05-20,5.1
2023-05-21,3.2
2023-05-22,9.0
2023-05-23,17.3
2023-05-24,19.5
2023-05-25,19.9
2023-05-26,9.2
2023-05-27,4.3
2023-05-28,3.1
2023-05-29,2.0
2023-05-30,6.0
2023-05-31,7.2
2023-06-01,6.6
2023-06-02,5.8
2023-06-03,4.2
2023-06-04,2.9
2023-06-05,10.8
2023-06-06,13.5
2023-06-07,18.7
2023-06-08,13.0
2023-06-09,8.2
2023-06-10,3.3
2023-06-11,3.1
2023-06-12,11.8
2023-06-13,9.3
2023-06-14,10.3
2023-06-15,16.0
2023-06-16,10.5
2023-06-17,4.7
2023-06-18,2.9
2023-06-19,7.7
2023-06-20,11.9
2023-06-21,11.3
2023-06-22,17.1
2023-06-23,16.6
2023-06-24,12.6
2023-06-25,2.5
2023-06-26,8.5
2023-06-27,14.6
2023-06-28,16.3
2023-06-29,18.6
2023-06-30,10.0
2023-07-01,4.0
2023-07-02,2.9
2023-07-03,20.86
2023-07-04,33.84
2023-07-05,35.96
2023-07-06,21.24
2023-07-07,12.72
2023-07-08,15.219999999999999
2023-07-09,27.160000000000004
2023-07-10,20.72
2023-07-11,26.380000000000003
2023-07-12,21.56
2023-07-13,18.759999999999998
2023-07-14,11.120000000000001
2023-07-15,15.680000000000001
2023-07-16,30.660000000000004
2023-07-17,20.68
2023-07-18,35.86
2023-07-19,24.919999999999998
2023-07-20,17.22
2023-07-21,15.52
2023-07-22,13.02
2023-07-23,27.119999999999997
2023-07-24,25.240000000000002
2023-07-25,35.26
2023-07-26,29.02
2023-07-27,23.12
2023-07-28,8.18
2023-07-29,13.280000000000001
2023-07-30,13.919999999999998
2023-07-31,18.520000000000003
2023-08-01,27.860000000000003
2023-08-02,25.839999999999996
2023-08-03,20.8
2023-08-04,8.5
2023-08-05,9.4
2023-08-06,22.080000000000002
2023-08-07,19.94
2023-08-08,22.02
2023-08-09,26.660000000000004
2023-08-10,14.179999999999998
2023-08-11,10.38
2023-08-12,13.02
2023-08-13,21.56
2023-08-14,25.419999999999998
2023-08-15,18.080000000000002
2023-08-16,20.4
2023-08-17,19.380000000000003
2023-08-18,6.959999999999999
2023-08-19,9.959999999999999
2023-08-20,23.119999999999997
2023-08-21,21.020000000000003
2023-08-22,20.259999999999998
2023-08-23,25.9
2023-08-24,17.48
2023-08-25,12.84
2023-08-26,9.2
2023-08-27,15.280000000000001
2023-08-28,16.520000000000003
2023-08-29,21.360000000000003
2023-08-30,21.82
2023-08-31,17.080000000000002
2023-09-01,11.6
2023-09-02,12.6
2023-09-03,25.560000000000002
2023-09-04,16.54
2023-09-05,17.020000000000003
2023-09-06,14.780000000000001
2023-09-07,11.74
2023-09-08,9.24
2023-09-09,10.5
2023-09-10,26.625
2023-09-11,12.325
2023-09-12,15.725
2023-09-13,19.325
2023-09-14,24.380000000000003
2023-09-15,16.68
2023-09-16,21.62
2023-09-17,16.98
2023-09-18,22.84
2023-09-19,21.639999999999997
2023-09-20,26.660000000000004
2023-09-21,30.5
2023-09-22,15.36
2023-09-23,14.780000000000001
2023-09-24,24.720000000000002
2023-09-25,39.54
2023-09-26,22.44
2023-09-27,27.660000000000004
2023-09-28,20.3
2023-09-29,29.179999999999996
2023-09-30,14.5
2023-10-01,15.74
2023-10-02,19.14
2023-10-03,41.36
2023-10-04,35.739999999999995
2023-10-05,43.42
2023-10-06,15.540000000000001
2023-10-07,30.6
2023-10-08,33.44
2023-10-09,32.160000000000004
2023-10-10,39.52
2023-10-11,28.380000000000003
2023-10-12,23.8
2023-10-13,24.139999999999997
2023-10-14,31.32
2023-10-15,46.739999999999995
2023-10-16,34.040000000000006
2023-10-17,43.68
2023-10-18,27.439999999999998
2023-10-19,32.92
2023-10-20,43.319998
2023-10-21,23.56
2023-10-22,42.36
2023-10-23,44.440000000000005
2023-10-24,45.04
2023-10-25,32.96
2023-10-26,18.36
2023-10-27,13.080000000000002
2023-10-28,21.119999999999997
2023-10-29,33.425
2023-10-30,25.433333333333334
2023-10-31,50.800000000000004
2023-11-01,46.0250025
2023-11-02,50.22
2023-11-03,31.52
2023-11-04,36.519999999999996
2023-11-05,78.68
2023-11-06,39.760000000000005
2023-11-07,36.14
2023-11-08,40.44
2023-11-09,29.78
2023-11-10,21.76
2023-11-11,18.1
2023-11-12,26.76
2023-11-13,49.619997999999995
2023-11-14,65.4
2023-11-15,48.72
2023-11-16,62.2
2023-11-17,46.74
2023-11-18,36.519999999999996
2023-11-19,60.2
2023-11-20,46.239999999999995
2023-11-21,66.9
2023-11-22,77.02000000000001
2023-11-23,72.44
2023-11-24,47.739999999999995
2023-11-25,34.660000000000004
2023-11-26,38.38
2023-11-27,49.2
2023-11-28,41.34
2023-11-29,65.44
2023-11-30,55.739999999999995
2023-12-01,27.339999999999996
2023-12-02,65.5
2023-12-03,57.54
2023-12-04,84.700002
2023-12-05,51.879999999999995
2023-12-06,42.06
2023-12-07,39.739999999999995
2023-12-08,28.619999999999997
2023-12-09,30.85
2023-12-10,44.9
2023-12-11,63.500001999999995
2023-12-12,37.82
2023-12-13,48.679998
2023-12-14,40.6
2023-12-15,23.4
2023-12-16,52.17999999999999
2023-12-17,49.68
2023-12-18,19.04
2023-12-19,19.759999999999998
2023-12-20,30.52
2023-12-21,16.44
2023-12-22,17.6
2023-12-23,13.55
2023-12-24,16.05
2023-12-25,20.35
2023-12-26,6.25
2023-12-27,62.3250025
2023-12-28,43.650000000000006
2023-12-29,15.225000000000001
2023-12-30,19.25
2023-12-31,18.0
2024-01-01,15.0
2024-01-02,18.82
2024-01-03,22.740000000000002
2024-01-04,33.06
2024-01-05,26.919999999999998
2024-01-06,27.2
2024-01-07,17.633333333333333
2024-01-08,33.4
2024-01-09,39.28333166666667
2024-01-10,65.04999833333333
2024-01-11,62.48333333333333
2024-01-12,45.76666666666666
2024-01-13,30.96666666666667
2024-01-14,43.86666666666667
2024-01-15,36.083333333333336
2024-01-16,31.566666666666666
2024-01-17,60.13333333333333
2024-01-18,61.35
2024-01-19,46.083335
2024-01-20,86.45000166666667
2024-01-21,86.10000000000001
2024-01-22,94.38333499999999
2024-01-23,55.43333333333333
2024-01-24,70.10000166666667
2024-01-25,58.666666666666664
2024-01-26,57.83333166666667
2024-01-27,25.883333333333336
2024-01-28,30.799999999999997
2024-01-29,38.86666666666667
2024-01-30,78.73333166666667
2024-01-31,55.5
2024-02-01,41.160000000000004
2024-02-02,37.14
2024-02-03,28.9
2024-02-04,26.2
2024-02-05,44.26666666666667
2024-02-06,81.016665
2024-02-07,66.733335
2024-02-08,39.6
2024-02-09,31.633333333333336
2024-02-10,22.45
2024-02-11,29.483333333333334
2024-02-12,33.71666666666667
2024-02-13,34.56666666666667
2024-02-14,57.85
2024-02-15,47.199999999999996
2024-02-16,35.1
2024-02-17,27.95
2024-02-18,18.51666666666667
2024-02-19,43.283335
2024-02-20,28.0
2024-02-21,47.9
2024-02-22,52.666666666666664
2024-02-23,36.516666666666666
2024-02-24,32.03333333333333
2024-02-25,40.30000166666667
2024-02-26,55.766664999999996
2024-02-27,51.58
2024-02-28,21.66
2024-02-29,11.9
2024-03-01,38.666666666666664
2024-03-02,31.650000000000002
2024-03-03,37.53333333333334
2024-03-04,25.650000000000002
2024-03-05,26.266666666666666
2024-03-06,40.06666666666667
2024-03-07,36.28333333333333
2024-03-08,24.240000000000002
2024-03-09,19.3
2024-03-10,14.45
2024-03-11,15.14
2024-03-12,13.64
2024-03-13,16.32
2024-03-14,16.240000000000002
2024-03-15,17.1
2024-03-16,18.52
2024-03-17,16.1
2024-03-18,20.740000000000002
2024-03-19,17.46
2024-03-20,18.4
2024-03-21,10.075
2024-03-22,22.8
2024-03-23,27.166666666666668
2024-03-24,29.0
2024-03-25,20.4
2024-03-26,51.78333333333333
2024-03-27,51.23333333333334
2024-03-28,58.550000000000004
2024-03-29,36.9
2024-03-30,25.133333333333336
2024-03-31,17.633333333333333
2024-04-01,19.71666666666667
2024-04-02,13.016666666666666
2024-04-03,24.0
2024-04-04,17.616666666666667
2024-04-05,25.78333333333333
2024-04-06,17.233333333333334
2024-04-07,18.816666666666666
2024-04-08,26.28333333333333
2024-04-09,27.900000000000002
2024-04-10,26.416666666666668
2024-04-11,35.36666666666667
2024-04-12,38.99999833333333
2024-04-13,35.56666833333333
2024-04-14,19.8
2024-04-15,14.700000000000001
2024-04-16,27.25
2024-04-17,19.3
2024-04-18,33.96666666666667
2024-04-19,46.199999999999996
2024-04-20,35.8
2024-04-21,14.1
2024-04-22,9.85
2024-04-23,22.0
2024-04-24,23.7
2024-04-25,22.666666666666668
2024-04-26,28.933333333333334
2024-04-27,44.040002
2024-04-28,31.259999999999998
2024-04-29,41.86
2024-04-30,25.28
2024-05-01,38.42
2024-05-02,31.28
2024-05-03,61.36
2024-05-04,44.339999999999996
2024-05-05,25.160000000000004
2024-05-06,14.14
2024-05-07,16.26
2024-05-08,39.64
2024-05-09,45.32
2024-05-10,40.12
2024-05-11,26.420000000000005
2024-05-12,25.640000000000004
2024-05-13,20.240000000000002
2024-05-14,22.22
2024-05-15,34.78
2024-05-16,29.679999999999996
2024-05-17,33.04
2024-05-18,41.879999999999995
2024-05-19,32.440000000000005
2024-05-20,19.34
2024-05-21,41.78
2024-05-22,33.12
2024-05-23,28.78
2024-05-24,44.319998
2024-05-25,36.62
2024-05-26,9.78
2024-05-27,7.5200000000000005
2024-05-28,12.459999999999999
2024-05-29,19.6
2024-05-30,35.779999999999994
2024-05-31,28.160000000000004
2024-06-01,30.32
2024-06-02,13.779999999999998
2024-06-03,14.98
2024-06-04,26.48
2024-06-05,27.419999999999998
2024-06-06,42.040000000000006
2024-06-07,43.72
2024-06-08,23.833333333333332
2024-06-09,14.416666666666666
2024-06-10,15.066666666666665
2024-06-11,28.266666666666666
2024-06-12,34.583333333333336
2024-06-13,25.733333333333334
2024-06-14,18.150000000000002
2024-06-15,21.633333333333336
2024-06-16,9.516666666666666
2024-06-17,9.233333333333333
2024-06-18,21.8
2024-06-19,29.400000000000002
2024-06-20,19.883333333333336
2024-06-21,25.5
2024-06-22,19.766666666666666
2024-06-23,12.5
2024-06-24,20.516666666666666
2024-06-25,27.883333333333336
2024-06-26,22.866666666666664
2024-06-27,20.766666666666666
2024-06-28,22.383333333333336
2024-06-29,17.5
2024-06-30,9.366666666666667
2024-07-01,8.683333333333334
2024-07-02,15.933333333333332
2024-07-03,20.86
2024-07-04,33.84
2024-07-05,35.96
2024-07-06,21.24
2024-07-07,12.72
2024-07-08,15.219999999999999
2024-07-09,27.160000000000004
2024-07-10,20.72
2024-07-11,26.380000000000003
2024-07-12,21.56
2024-07-13,18.759999999999998
2024-07-14,11.120000000000001
2024-07-15,15.680000000000001
2024-07-16,30.660000000000004
2024-07-17,20.68
2024-07-18,35.86
2024-07-19,24.919999999999998
2024-07-20,17.22
2024-07-21,15.52
2024-07-22,13.02
2024-07-23,27.119999999999997
2024-07-24,25.240000000000002
2024-07-25,35.26
2024-07-26,29.02
2024-07-27,23.12
2024-07-28,8.18
2024-07-29,13.280000000000001
2024-07-30,13.919999999999998
