count_point_id,direction_of_travel,year,count_date,hour,region_id,region_name,local_authority_id,local_authority_name,road_name,road_type,start_junction_road_name,end_junction_road_name,easting,northing,latitude,longitude,link_length_km,link_length_miles,pedal_cycles,two_wheeled_motor_vehicles,cars_and_taxis,buses_and_coaches,lgvs,hgvs_2_rigid_axle,hgvs_3_rigid_axle,hgvs_4_or_more_rigid_axle,hgvs_3_or_4_articulated_axle,hgvs_5_articulated_axle,hgvs_6_articulated_axle,all_hgvs,all_motor_vehicles
8618,E,2021,2021-07-06,7,6,London,174,City of London,A3211,Major,Fish St Hill,LA Boundary,533000,180669,51.509305,-0.08490362,0.6,0.37,92,49,329,0,169,52,5,7,6,0,2,72,619
8618,E,2021,2021-07-06,8,6,London,174,City of London,A3211,Major,Fish St Hill,LA Boundary,533000,180669,51.509305,-0.08490362,0.6,0.37,104,42,306,1,168,63,2,26,2,0,2,95,612
8618,E,2021,2021-07-06,9,6,London,174,City of London,A3211,Major,Fish St Hill,LA Boundary,533000,180669,51.509305,-0.08490362,0.6,0.37,61,19,289,1,212,86,6,40,5,0,5,142,663
8618,E,2021,2021-07-06,10,6,London,174,City of London,A3211,Major,Fish St Hill,LA Boundary,533000,180669,51.509305,-0.08490362,0.6,0.37,38,17,297,4,209,80,10,24,3,2,10,129,656
8618,E,2021,2021-07-06,11,6,London,174,City of London,A3211,Major,Fish St Hill,LA Boundary,533000,180669,51.509305,-0.08490362,0.6,0.37,32,24,259,0,245,102,5,23,1,3,4,138,666
8618,E,2021,2021-07-06,12,6,London,174,City of London,A3211,Major,Fish St Hill,LA Boundary,533000,180669,51.509305,-0.08490362,0.6,0.37,49,20,245,1,263,81,7,18,2,3,5,116,645
8618,E,2021,2021-07-06,13,6,London,174,City of London,A3211,Major,Fish St Hill,LA Boundary,533000,180669,51.509305,-0.08490362,0.6,0.37,43,24,219,2,196,72,4,36,1,1,10,124,565
8618,E,2021,2021-07-06,14,6,London,174,City of London,A3211,Major,Fish St Hill,LA Boundary,533000,180669,51.509305,-0.08490362,0.6,0.37,60,23,198,1,245,52,5,31,4,1,11,104,571
8618,E,2021,2021-07-06,15,6,London,174,City of London,A3211,Major,Fish St Hill,LA Boundary,533000,180669,51.509305,-0.08490362,0.6,0.37,88,47,198,1,248,51,7,34,2,0,3,97,591
8618,E,2021,2021-07-06,16,6,London,174,City of London,A3211,Major,Fish St Hill,LA Boundary,533000,180669,51.509305,-0.08490362,0.6,0.37,140,97,245,6,264,26,5,17,3,1,2,54,666
8618,E,2021,2021-07-06,17,6,London,174,City of London,A3211,Major,Fish St Hill,LA Boundary,533000,180669,51.509305,-0.08490362,0.6,0.37,231,105,396,8,225,25,4,8,1,1,3,42,776
8618,E,2021,2021-07-06,18,6,London,174,City of London,A3211,Major,Fish St Hill,LA Boundary,533000,180669,51.509305,-0.08490362,0.6,0.37,205,90,489,4,149,17,1,5,1,0,0,24,756
8618,W,2021,2021-07-06,7,6,London,174,City of London,A3211,Major,Fish St Hill,LA Boundary,533000,180669,51.509305,-0.08490362,0.6,0.37,208,155,280,4,459,86,8,66,6,1,12,179,1077
8618,W,2021,2021-07-06,8,6,London,174,City of London,A3211,Major,Fish St Hill,LA Boundary,533000,180669,51.509305,-0.08490362,0.6,0.37,199,83,340,7,413,97,10,23,0,0,6,136,979
8618,W,2021,2021-07-06,9,6,London,174,City of London,A3211,Major,Fish St Hill,LA Boundary,533000,180669,51.509305,-0.08490362,0.6,0.37,128,68,404,10,392,101,9,27,1,0,10,148,1022
8618,W,2021,2021-07-06,10,6,London,174,City of London,A3211,Major,Fish St Hill,LA Boundary,533000,180669,51.509305,-0.08490362,0.6,0.37,61,41,476,16,368,74,12,24,2,0,7,119,1020
8618,W,2021,2021-07-06,11,6,London,174,City of London,A3211,Major,Fish St Hill,LA Boundary,533000,180669,51.509305,-0.08490362,0.6,0.37,65,42,403,14,201,56,4,30,2,0,6,98,758
8618,W,2021,2021-07-06,12,6,London,174,City of London,A3211,Major,Fish St Hill,LA Boundary,533000,180669,51.509305,-0.08490362,0.6,0.37,69,36,589,10,249,65,5,30,0,1,12,113,997
8618,W,2021,2021-07-06,13,6,London,174,City of London,A3211,Major,Fish St Hill,LA Boundary,533000,180669,51.509305,-0.08490362,0.6,0.37,43,31,476,11,227,53,4,24,0,0,4,85,830
8618,W,2021,2021-07-06,14,6,London,174,City of London,A3211,Major,Fish St Hill,LA Boundary,533000,180669,51.509305,-0.08490362,0.6,0.37,37,29,442,16,165,42,2,26,1,0,5,76,728
8618,W,2021,2021-07-06,15,6,London,174,City of London,A3211,Major,Fish St Hill,LA Boundary,533000,180669,51.509305,-0.08490362,0.6,0.37,34,46,463,14,142,29,1,7,1,1,2,41,706
8618,W,2021,2021-07-06,16,6,London,174,City of London,A3211,Major,Fish St Hill,LA Boundary,533000,180669,51.509305,-0.08490362,0.6,0.37,62,54,426,12,140,25,0,3,4,1,3,36,668
8618,W,2021,2021-07-06,17,6,London,174,City of London,A3211,Major,Fish St Hill,LA Boundary,533000,180669,51.509305,-0.08490362,0.6,0.37,138,63,558,10,115,14,1,4,1,0,1,21,767
8618,W,2021,2021-07-06,18,6,London,174,City of London,A3211,Major,Fish St Hill,LA Boundary,533000,180669,51.509305,-0.08490362,0.6,0.37,129,52,587,5,99,20,2,0,0,0,1,23,766
8619,N,2023,2023-06-06,7,6,London,174,City of London,A300,Major,LA Boundary,A3211,532400,180700,51.509725,-0.09353265,0.2,0.12,372,27,127,0,130,19,8,7,0,1,3,38,322
8619,N,2023,2023-06-06,8,6,London,174,City of London,A300,Major,LA Boundary,A3211,532400,180700,51.509725,-0.09353265,0.2,0.12,609,29,92,1,78,32,4,34,1,1,5,77,277
8619,N,2023,2023-06-06,9,6,London,174,City of London,A300,Major,LA Boundary,A3211,532400,180700,51.509725,-0.09353265,0.2,0.12,274,21,112,5,70,25,7,30,1,2,5,70,278
8619,N,2023,2023-06-06,10,6,London,174,City of London,A300,Major,LA Boundary,A3211,532400,180700,51.509725,-0.09353265,0.2,0.12,58,11,84,9,99,37,7,29,0,2,4,79,282
8619,N,2023,2023-06-06,11,6,London,174,City of London,A300,Major,LA Boundary,A3211,532400,180700,51.509725,-0.09353265,0.2,0.12,52,12,111,9,69,27,7,34,2,3,7,80,281
8619,N,2023,2023-06-06,12,6,London,174,City of London,A300,Major,LA Boundary,A3211,532400,180700,51.509725,-0.09353265,0.2,0.12,40,5,114,4,78,40,10,19,2,1,4,76,277
8619,N,2023,2023-06-06,13,6,London,174,City of London,A300,Major,LA Boundary,A3211,532400,180700,51.509725,-0.09353265,0.2,0.12,44,12,89,5,78,34,7,38,2,1,4,86,270
8619,N,2023,2023-06-06,14,6,London,174,City of London,A300,Major,LA Boundary,A3211,532400,180700,51.509725,-0.09353265,0.2,0.12,43,15,111,9,87,13,7,28,3,1,4,56,278
8619,N,2023,2023-06-06,15,6,London,174,City of London,A300,Major,LA Boundary,A3211,532400,180700,51.509725,-0.09353265,0.2,0.12,60,6,95,2,108,21,7,18,2,0,3,51,262
8619,N,2023,2023-06-06,16,6,London,174,City of London,A300,Major,LA Boundary,A3211,532400,180700,51.509725,-0.09353265,0.2,0.12,65,22,148,2,88,19,4,12,1,0,1,37,297
8619,N,2023,2023-06-06,17,6,London,174,City of London,A300,Major,LA Boundary,A3211,532400,180700,51.509725,-0.09353265,0.2,0.12,191,25,172,4,66,11,1,6,1,0,3,22,289
8619,N,2023,2023-06-06,18,6,London,174,City of London,A300,Major,LA Boundary,A3211,532400,180700,51.509725,-0.09353265,0.2,0.12,168,28,187,2,51,4,0,3,0,1,1,9,277
8619,S,2023,2023-06-06,7,6,London,174,City of London,A300,Major,LA Boundary,A3211,532400,180700,51.509725,-0.09353265,0.2,0.12,70,15,57,8,91,18,5,33,0,1,5,62,233
8619,S,2023,2023-06-06,8,6,London,174,City of London,A300,Major,LA Boundary,A3211,532400,180700,51.509725,-0.09353265,0.2,0.12,187,9,60,10,79,16,3,9,2,1,2,33,191
8619,S,2023,2023-06-06,9,6,London,174,City of London,A300,Major,LA Boundary,A3211,532400,180700,51.509725,-0.09353265,0.2,0.12,162,4,62,10,67,13,6,12,2,0,3,36,179
8619,S,2023,2023-06-06,10,6,London,174,City of London,A300,Major,LA Boundary,A3211,532400,180700,51.509725,-0.09353265,0.2,0.12,37,9,90,16,57,14,7,24,0,0,2,47,219
8619,S,2023,2023-06-06,11,6,London,174,City of London,A300,Major,LA Boundary,A3211,532400,180700,51.509725,-0.09353265,0.2,0.12,34,7,111,15,66,21,5,18,0,0,4,48,247
8619,S,2023,2023-06-06,12,6,London,174,City of London,A300,Major,LA Boundary,A3211,532400,180700,51.509725,-0.09353265,0.2,0.12,46,2,100,12,57,8,4,22,0,0,4,38,209
8619,S,2023,2023-06-06,13,6,London,174,City of London,A300,Major,LA Boundary,A3211,532400,180700,51.509725,-0.09353265,0.2,0.12,47,9,136,14,45,8,4,20,0,0,2,34,238
8619,S,2023,2023-06-06,14,6,London,174,City of London,A300,Major,LA Boundary,A3211,532400,180700,51.509725,-0.09353265,0.2,0.12,72,8,107,13,44,12,1,20,0,0,0,33,205
8619,S,2023,2023-06-06,15,6,London,174,City of London,A300,Major,LA Boundary,A3211,532400,180700,51.509725,-0.09353265,0.2,0.12,79,8,109,14,36,12,1,6,0,0,2,21,188
8619,S,2023,2023-06-06,16,6,London,174,City of London,A300,Major,LA Boundary,A3211,532400,180700,51.509725,-0.09353265,0.2,0.12,158,19,133,13,34,6,3,5,0,0,0,14,213
8619,S,2023,2023-06-06,17,6,London,174,City of London,A300,Major,LA Boundary,A3211,532400,180700,51.509725,-0.09353265,0.2,0.12,496,29,147,15,34,4,0,2,0,0,1,7,232
8619,S,2023,2023-06-06,18,6,London,174,City of London,A300,Major,LA Boundary,A3211,532400,180700,51.509725,-0.09353265,0.2,0.12,494,21,176,10,19,1,0,1,0,0,0,2,228
17915,E,2019,2019-09-18,12,6,London,174,City of London,A1211,Major,A501,A1,532500,181570,51.51752,-0.09176582,0.5,0.31,26,57,195,13,169,19,3,5,0,1,0,28,462
17915,E,2019,2019-09-18,7,6,London,174,City of London,A1211,Major,A501,A1,532500,181570,51.51752,-0.09176582,0.5,0.31,73,51,294,13,233,25,7,6,0,1,0,39,630
17915,E,2019,2019-09-18,18,6,London,174,City of London,A1211,Major,A501,A1,532500,181570,51.51752,-0.09176582,0.5,0.31,102,65,387,17,102,5,1,0,0,0,0,6,577
17915,W,2019,2019-09-18,16,6,London,174,City of London,A1211,Major,A501,A1,532500,181570,51.51752,-0.09176582,0.5,0.31,47,42,351,12,113,9,2,0,0,1,1,13,531
17915,W,2019,2019-09-18,18,6,London,174,City of London,A1211,Major,A501,A1,532500,181570,51.51752,-0.09176582,0.5,0.31,70,70,467,18,97,3,0,0,0,0,0,3,655
17915,E,2019,2019-09-18,10,6,London,174,City of London,A1211,Major,A501,A1,532500,181570,51.51752,-0.09176582,0.5,0.31,28,26,197,13,151,21,5,5,0,2,0,33,420
17915,E,2019,2019-09-18,16,6,London,174,City of London,A1211,Major,A501,A1,532500,181570,51.51752,-0.09176582,0.5,0.31,53,56,262,15,144,14,2,2,0,0,2,20,497
17915,W,2019,2019-09-18,12,6,London,174,City of London,A1211,Major,A501,A1,532500,181570,51.51752,-0.09176582,0.5,0.31,34,50,252,17,226,19,3,6,0,1,2,31,576
17915,W,2019,2019-09-18,10,6,London,174,City of London,A1211,Major,A501,A1,532500,181570,51.51752,-0.09176582,0.5,0.31,16,38,288,15,210,20,10,3,0,0,0,33,584
17915,E,2019,2019-09-18,17,6,London,174,City of London,A1211,Major,A501,A1,532500,181570,51.51752,-0.09176582,0.5,0.31,119,90,249,13,144,6,0,3,0,0,0,9,505
17915,W,2019,2019-09-18,14,6,London,174,City of London,A1211,Major,A501,A1,532500,181570,51.51752,-0.09176582,0.5,0.31,17,30,343,21,174,11,1,0,3,0,1,16,584
17915,E,2019,2019-09-18,15,6,London,174,City of London,A1211,Major,A501,A1,532500,181570,51.51752,-0.09176582,0.5,0.31,29,41,220,12,177,20,2,9,0,0,0,31,481
17915,W,2019,2019-09-18,15,6,London,174,City of London,A1211,Major,A501,A1,532500,181570,51.51752,-0.09176582,0.5,0.31,26,33,298,14,137,13,2,3,0,0,0,18,500
17915,E,2019,2019-09-18,8,6,London,174,City of London,A1211,Major,A501,A1,532500,181570,51.51752,-0.09176582,0.5,0.31,68,60,196,12,151,23,1,5,1,1,0,31,450
17915,E,2019,2019-09-18,11,6,London,174,City of London,A1211,Major,A501,A1,532500,181570,51.51752,-0.09176582,0.5,0.31,25,37,176,15,192,22,4,6,2,2,0,36,456
17915,W,2019,2019-09-18,8,6,London,174,City of London,A1211,Major,A501,A1,532500,181570,51.51752,-0.09176582,0.5,0.31,83,56,186,14,150,13,3,1,0,1,0,18,424
17915,E,2019,2019-09-18,13,6,London,174,City of London,A1211,Major,A501,A1,532500,181570,51.51752,-0.09176582,0.5,0.31,28,26,206,16,176,20,6,5,0,2,0,33,457
17915,E,2019,2019-09-18,14,6,London,174,City of London,A1211,Major,A501,A1,532500,181570,51.51752,-0.09176582,0.5,0.31,31,33,207,13,152,18,6,9,1,1,0,35,440
17915,W,2019,2019-09-18,7,6,London,174,City of London,A1211,Major,A501,A1,532500,181570,51.51752,-0.09176582,0.5,0.31,73,74,280,10,160,19,3,2,0,1,0,25,549
17915,W,2019,2019-09-18,17,6,London,174,City of London,A1211,Major,A501,A1,532500,181570,51.51752,-0.09176582,0.5,0.31,96,67,334,16,106,7,1,0,0,1,0,9,532
17915,W,2019,2019-09-18,9,6,London,174,City of London,A1211,Major,A501,A1,532500,181570,51.51752,-0.09176582,0.5,0.31,72,43,165,16,222,25,2,3,1,0,2,33,479
17915,W,2019,2019-09-18,13,6,London,174,City of London,A1211,Major,A501,A1,532500,181570,51.51752,-0.09176582,0.5,0.31,31,43,304,16,167,12,8,1,0,0,0,21,551
17915,E,2019,2019-09-18,9,6,London,174,City of London,A1211,Major,A501,A1,532500,181570,51.51752,-0.09176582,0.5,0.31,34,26,174,12,127,17,2,3,0,0,2,24,363
17915,W,2019,2019-09-18,11,6,London,174,City of London,A1211,Major,A501,A1,532500,181570,51.51752,-0.09176582,0.5,0.31,21,44,306,14,210,18,7,1,4,0,1,31,605
18468,E,2023,2023-10-13,7,6,London,174,City of London,A3211,Major,LA Boundary,A201 Blackfriars Bridge,531350,180820,51.511048,-0.10860939,0.5,0.31,213,48,264,3,128,51,5,2,1,1,6,66,509
18468,E,2023,2023-10-13,8,6,London,174,City of London,A3211,Major,LA Boundary,A201 Blackfriars Bridge,531350,180820,51.511048,-0.10860939,0.5,0.31,321,53,267,5,151,70,5,15,1,0,1,92,568
18468,E,2023,2023-10-13,9,6,London,174,City of London,A3211,Major,LA Boundary,A201 Blackfriars Bridge,531350,180820,51.511048,-0.10860939,0.5,0.31,156,20,277,5,167,68,4,14,3,1,2,92,561
18468,E,2023,2023-10-13,10,6,London,174,City of London,A3211,Major,LA Boundary,A201 Blackfriars Bridge,531350,180820,51.511048,-0.10860939,0.5,0.31,76,19,273,6,162,70,10,8,2,0,2,92,552
18468,E,2023,2023-10-13,11,6,London,174,City of London,A3211,Major,LA Boundary,A201 Blackfriars Bridge,531350,180820,51.511048,-0.10860939,0.5,0.31,72,24,303,9,175,56,4,16,1,2,0,79,590
18468,E,2023,2023-10-13,12,6,London,174,City of London,A3211,Major,LA Boundary,A201 Blackfriars Bridge,531350,180820,51.511048,-0.10860939,0.5,0.31,148,29,275,19,184,59,3,7,0,0,2,71,578
18468,E,2023,2023-10-13,13,6,London,174,City of London,A3211,Major,LA Boundary,A201 Blackfriars Bridge,531350,180820,51.511048,-0.10860939,0.5,0.31,152,32,296,8,188,42,5,10,0,0,1,58,582
18468,E,2023,2023-10-13,14,6,London,174,City of London,A3211,Major,LA Boundary,A201 Blackfriars Bridge,531350,180820,51.511048,-0.10860939,0.5,0.31,168,37,325,6,184,37,2,11,0,1,0,51,603
18468,E,2023,2023-10-13,15,6,London,174,City of London,A3211,Major,LA Boundary,A201 Blackfriars Bridge,531350,180820,51.511048,-0.10860939,0.5,0.31,210,51,368,3,173,25,4,8,1,0,1,39,634
18468,E,2023,2023-10-13,16,6,London,174,City of London,A3211,Major,LA Boundary,A201 Blackfriars Bridge,531350,180820,51.511048,-0.10860939,0.5,0.31,306,71,394,7,147,26,1,0,0,0,0,27,646
18468,E,2023,2023-10-13,17,6,London,174,City of London,A3211,Major,LA Boundary,A201 Blackfriars Bridge,531350,180820,51.511048,-0.10860939,0.5,0.31,448,75,445,12,118,17,2,1,0,0,1,21,671
18468,E,2023,2023-10-13,18,6,London,174,City of London,A3211,Major,LA Boundary,A201 Blackfriars Bridge,531350,180820,51.511048,-0.10860939,0.5,0.31,316,51,477,5,94,12,1,0,0,0,0,13,640
18468,W,2023,2023-10-13,7,6,London,174,City of London,A3211,Major,LA Boundary,A201 Blackfriars Bridge,531350,180820,51.511048,-0.10860939,0.5,0.31,259,121,314,10,374,85,7,37,0,1,4,134,953
18468,W,2023,2023-10-13,8,6,London,174,City of London,A3211,Major,LA Boundary,A201 Blackfriars Bridge,531350,180820,51.511048,-0.10860939,0.5,0.31,364,59,333,16,394,77,5,6,1,2,4,95,897
18468,W,2023,2023-10-13,9,6,London,174,City of London,A3211,Major,LA Boundary,A201 Blackfriars Bridge,531350,180820,51.511048,-0.10860939,0.5,0.31,219,36,399,30,299,75,7,3,1,0,1,87,851
18468,W,2023,2023-10-13,10,6,London,174,City of London,A3211,Major,LA Boundary,A201 Blackfriars Bridge,531350,180820,51.511048,-0.10860939,0.5,0.31,125,25,450,31,269,70,2,21,0,1,2,96,871
18468,W,2023,2023-10-13,11,6,London,174,City of London,A3211,Major,LA Boundary,A201 Blackfriars Bridge,531350,180820,51.511048,-0.10860939,0.5,0.31,121,34,502,35,229,49,2,6,0,0,1,58,858
18468,W,2023,2023-10-13,12,6,London,174,City of London,A3211,Major,LA Boundary,A201 Blackfriars Bridge,531350,180820,51.511048,-0.10860939,0.5,0.31,115,36,509,28,199,35,2,16,0,0,2,55,827
18468,W,2023,2023-10-13,13,6,London,174,City of London,A3211,Major,LA Boundary,A201 Blackfriars Bridge,531350,180820,51.511048,-0.10860939,0.5,0.31,122,35,454,34,143,27,3,6,1,0,0,37,703
18468,W,2023,2023-10-13,14,6,London,174,City of London,A3211,Major,LA Boundary,A201 Blackfriars Bridge,531350,180820,51.511048,-0.10860939,0.5,0.31,132,34,558,38,113,27,1,7,0,1,1,37,780
18468,W,2023,2023-10-13,15,6,London,174,City of London,A3211,Major,LA Boundary,A201 Blackfriars Bridge,531350,180820,51.511048,-0.10860939,0.5,0.31,162,52,578,41,109,15,1,0,0,1,1,18,798
18468,W,2023,2023-10-13,16,6,London,174,City of London,A3211,Major,LA Boundary,A201 Blackfriars Bridge,531350,180820,51.511048,-0.10860939,0.5,0.31,229,52,616,47,110,18,1,0,0,0,0,19,844
18468,W,2023,2023-10-13,17,6,London,174,City of London,A3211,Major,LA Boundary,A201 Blackfriars Bridge,531350,180820,51.511048,-0.10860939,0.5,0.31,392,63,693,37,77,16,1,2,0,0,0,19,889
18468,W,2023,2023-10-13,18,6,London,174,City of London,A3211,Major,LA Boundary,A201 Blackfriars Bridge,531350,180820,51.511048,-0.10860939,0.5,0.31,296,44,823,26,58,11,0,0,0,0,0,11,962
18604,E,2019,2019-05-10,17,6,London,174,City of London,A1211,Major,Bishopsgate,A501,533000,181485,51.516638,-0.08459605,0.5,0.31,110,117,315,40,73,4,1,0,0,1,0,6,551
18604,W,2019,2019-05-10,14,6,London,174,City of London,A1211,Major,Bishopsgate,A501,533000,181485,51.516638,-0.08459605,0.5,0.31,37,51,267,32,110,12,0,9,0,0,0,21,481
18604,W,2019,2019-05-10,15,6,London,174,City of London,A1211,Major,Bishopsgate,A501,533000,181485,51.516638,-0.08459605,0.5,0.31,22,30,244,32,66,8,2,1,0,0,0,11,383
18604,E,2019,2019-05-10,13,6,London,174,City of London,A1211,Major,Bishopsgate,A501,533000,181485,51.516638,-0.08459605,0.5,0.31,31,37,192,25,113,10,3,5,1,1,1,21,388
18604,W,2019,2019-05-10,8,6,London,174,City of London,A1211,Major,Bishopsgate,A501,533000,181485,51.516638,-0.08459605,0.5,0.31,113,109,206,29,151,34,1,5,0,0,2,42,537
18604,E,2019,2019-05-10,18,6,London,174,City of London,A1211,Major,Bishopsgate,A501,533000,181485,51.516638,-0.08459605,0.5,0.31,101,97,362,29,31,1,1,1,0,0,0,3,522
18604,W,2019,2019-05-10,17,6,London,174,City of London,A1211,Major,Bishopsgate,A501,533000,181485,51.516638,-0.08459605,0.5,0.31,64,54,378,39,59,3,0,2,0,0,0,5,535
18604,E,2019,2019-05-10,15,6,London,174,City of London,A1211,Major,Bishopsgate,A501,533000,181485,51.516638,-0.08459605,0.5,0.31,28,56,270,39,127,14,2,5,0,0,0,21,513
18604,E,2019,2019-05-10,8,6,London,174,City of London,A1211,Major,Bishopsgate,A501,533000,181485,51.516638,-0.08459605,0.5,0.31,72,23,174,32,109,21,3,7,1,0,0,32,370
18604,W,2019,2019-05-10,11,6,London,174,City of London,A1211,Major,Bishopsgate,A501,533000,181485,51.516638,-0.08459605,0.5,0.31,30,49,220,32,127,21,2,6,0,0,1,30,458
18604,W,2019,2019-05-10,16,6,London,174,City of London,A1211,Major,Bishopsgate,A501,533000,181485,51.516638,-0.08459605,0.5,0.31,39,44,350,26,62,1,2,1,0,0,0,4,486
18604,W,2019,2019-05-10,10,6,London,174,City of London,A1211,Major,Bishopsgate,A501,533000,181485,51.516638,-0.08459605,0.5,0.31,29,54,258,36,143,23,1,7,1,0,0,32,523
18604,E,2019,2019-05-10,10,6,London,174,City of London,A1211,Major,Bishopsgate,A501,533000,181485,51.516638,-0.08459605,0.5,0.31,16,31,240,40,133,22,2,7,0,0,1,32,476
18604,E,2019,2019-05-10,7,6,London,174,City of London,A1211,Major,Bishopsgate,A501,533000,181485,51.516638,-0.08459605,0.5,0.31,23,23,183,25,99,20,3,3,0,0,0,26,356
18604,E,2019,2019-05-10,14,6,London,174,City of London,A1211,Major,Bishopsgate,A501,533000,181485,51.516638,-0.08459605,0.5,0.31,45,53,187,30,124,15,5,9,1,0,0,30,424
18604,E,2019,2019-05-10,9,6,London,174,City of London,A1211,Major,Bishopsgate,A501,533000,181485,51.516638,-0.08459605,0.5,0.31,37,25,194,36,109,17,4,5,0,0,0,26,390
18604,W,2019,2019-05-10,7,6,London,174,City of London,A1211,Major,Bishopsgate,A501,533000,181485,51.516638,-0.08459605,0.5,0.31,60,89,203,33,139,36,10,17,0,0,1,64,528
18604,W,2019,2019-05-10,13,6,London,174,City of London,A1211,Major,Bishopsgate,A501,533000,181485,51.516638,-0.08459605,0.5,0.31,42,47,217,28,93,15,3,6,0,1,1,26,411
18604,E,2019,2019-05-10,16,6,London,174,City of London,A1211,Major,Bishopsgate,A501,533000,181485,51.516638,-0.08459605,0.5,0.31,48,80,284,28,89,4,0,3,0,1,0,8,489
18604,E,2019,2019-05-10,12,6,London,174,City of London,A1211,Major,Bishopsgate,A501,533000,181485,51.516638,-0.08459605,0.5,0.31,37,40,176,37,106,20,1,5,0,1,0,27,386
18604,W,2019,2019-05-10,18,6,London,174,City of London,A1211,Major,Bishopsgate,A501,533000,181485,51.516638,-0.08459605,0.5,0.31,55,49,490,32,34,6,2,2,0,0,0,10,615
18604,W,2019,2019-05-10,9,6,London,174,City of London,A1211,Major,Bishopsgate,A501,533000,181485,51.516638,-0.08459605,0.5,0.31,54,44,219,34,135,21,9,6,2,1,0,39,471
18604,W,2019,2019-05-10,12,6,London,174,City of London,A1211,Major,Bishopsgate,A501,533000,181485,51.516638,-0.08459605,0.5,0.31,33,46,215,37,117,8,2,4,0,0,1,15,430
18604,E,2019,2019-05-10,11,6,London,174,City of London,A1211,Major,Bishopsgate,A501,533000,181485,51.516638,-0.08459605,0.5,0.31,22,43,191,32,110,14,2,4,0,1,0,21,397
26078,S,2019,2019-05-08,7,6,London,174,City of London,A1,Major,A1211,LA Boundary,532100,182000,51.521477,-0.09736627,0.7,0.43,65,46,287,24,152,24,9,5,0,0,0,38,547
26078,S,2019,2019-05-08,11,6,London,174,City of London,A1,Major,A1211,LA Boundary,532100,182000,51.521477,-0.09736627,0.7,0.43,16,37,346,21,169,19,1,5,0,1,0,26,599
26078,N,2019,2019-05-08,10,6,London,174,City of London,A1,Major,A1211,LA Boundary,532100,182000,51.521477,-0.09736627,0.7,0.43,11,19,246,26,98,6,0,1,0,0,1,8,397
26078,S,2019,2019-05-08,16,6,London,174,City of London,A1,Major,A1211,LA Boundary,532100,182000,51.521477,-0.09736627,0.7,0.43,29,39,351,25,146,6,3,2,0,0,0,11,572
26078,S,2019,2019-05-08,13,6,London,174,City of London,A1,Major,A1211,LA Boundary,532100,182000,51.521477,-0.09736627,0.7,0.43,26,32,361,20,178,18,0,2,0,0,1,21,612
26078,S,2019,2019-05-08,14,6,London,174,City of London,A1,Major,A1211,LA Boundary,532100,182000,51.521477,-0.09736627,0.7,0.43,25,40,332,24,146,10,1,0,0,0,0,11,553
26078,S,2019,2019-05-08,18,6,London,174,City of London,A1,Major,A1211,LA Boundary,532100,182000,51.521477,-0.09736627,0.7,0.43,67,55,439,21,48,4,0,1,0,0,0,5,568
26078,N,2019,2019-05-08,16,6,London,174,City of London,A1,Major,A1211,LA Boundary,532100,182000,51.521477,-0.09736627,0.7,0.43,41,54,354,18,140,2,2,0,0,0,0,4,570
26078,N,2019,2019-05-08,9,6,London,174,City of London,A1,Major,A1211,LA Boundary,532100,182000,51.521477,-0.09736627,0.7,0.43,34,31,231,19,80,4,1,3,0,1,0,9,370
26078,N,2019,2019-05-08,12,6,London,174,City of London,A1,Major,A1211,LA Boundary,532100,182000,51.521477,-0.09736627,0.7,0.43,16,25,219,15,106,5,1,2,0,0,0,8,373
26078,N,2019,2019-05-08,14,6,London,174,City of London,A1,Major,A1211,LA Boundary,532100,182000,51.521477,-0.09736627,0.7,0.43,31,39,312,25,133,5,0,1,0,0,0,6,515
26078,N,2019,2019-05-08,15,6,London,174,City of London,A1,Major,A1211,LA Boundary,532100,182000,51.521477,-0.09736627,0.7,0.43,21,41,314,20,128,3,2,0,0,1,2,8,511
26078,N,2019,2019-05-08,17,6,London,174,City of London,A1,Major,A1211,LA Boundary,532100,182000,51.521477,-0.09736627,0.7,0.43,81,80,347,18,110,2,1,0,0,0,0,3,558
26078,N,2019,2019-05-08,13,6,London,174,City of London,A1,Major,A1211,LA Boundary,532100,182000,51.521477,-0.09736627,0.7,0.43,24,33,242,23,131,8,1,0,0,0,0,9,438
26078,S,2019,2019-05-08,10,6,London,174,City of London,A1,Major,A1211,LA Boundary,532100,182000,51.521477,-0.09736627,0.7,0.43,25,26,358,25,174,13,7,3,0,1,1,25,608
26078,N,2019,2019-05-08,7,6,London,174,City of London,A1,Major,A1211,LA Boundary,532100,182000,51.521477,-0.09736627,0.7,0.43,18,12,238,14,116,10,4,1,0,0,0,15,395
26078,N,2019,2019-05-08,8,6,London,174,City of London,A1,Major,A1211,LA Boundary,532100,182000,51.521477,-0.09736627,0.7,0.43,53,25,244,18,101,10,7,2,0,0,1,20,408
26078,S,2019,2019-05-08,15,6,London,174,City of London,A1,Major,A1211,LA Boundary,532100,182000,51.521477,-0.09736627,0.7,0.43,29,43,337,19,162,4,2,2,0,0,0,8,569
26078,S,2019,2019-05-08,17,6,London,174,City of London,A1,Major,A1211,LA Boundary,532100,182000,51.521477,-0.09736627,0.7,0.43,52,47,333,23,97,4,0,0,0,0,0,4,504
26078,S,2019,2019-05-08,8,6,London,174,City of London,A1,Major,A1211,LA Boundary,532100,182000,51.521477,-0.09736627,0.7,0.43,161,88,347,15,157,29,9,3,0,0,1,42,649
26078,S,2019,2019-05-08,12,6,London,174,City of London,A1,Major,A1211,LA Boundary,532100,182000,51.521477,-0.09736627,0.7,0.43,17,39,291,21,150,11,1,1,0,0,0,13,514
26078,N,2019,2019-05-08,18,6,London,174,City of London,A1,Major,A1211,LA Boundary,532100,182000,51.521477,-0.09736627,0.7,0.43,111,69,410,19,53,1,0,2,0,0,0,3,554
26078,S,2019,2019-05-08,9,6,London,174,City of London,A1,Major,A1211,LA Boundary,532100,182000,51.521477,-0.09736627,0.7,0.43,63,55,328,26,172,14,4,6,0,0,0,24,605
26078,N,2019,2019-05-08,11,6,London,174,City of London,A1,Major,A1211,LA Boundary,532100,182000,51.521477,-0.09736627,0.7,0.43,13,26,274,25,138,10,5,2,0,0,0,17,480
28214,N,2021,2021-05-18,12,6,London,174,City of London,A4208,Major,Farringdon St,High Holborn,531499,181359,51.515857,-0.10626265,0.3,0.19,13,3,14,0,6,0,0,0,0,0,0,0,23
28214,N,2021,2021-05-18,13,6,London,174,City of London,A4208,Major,Farringdon St,High Holborn,531499,181359,51.515857,-0.10626265,0.3,0.19,7,1,10,0,4,1,0,1,0,0,0,2,17
28214,N,2021,2021-05-18,14,6,London,174,City of London,A4208,Major,Farringdon St,High Holborn,531499,181359,51.515857,-0.10626265,0.3,0.19,9,6,15,0,5,2,0,1,0,0,0,3,29
28214,N,2021,2021-05-18,15,6,London,174,City of London,A4208,Major,Farringdon St,High Holborn,531499,181359,51.515857,-0.10626265,0.3,0.19,8,2,17,0,4,1,1,0,0,0,0,2,25
28214,N,2021,2021-05-18,16,6,London,174,City of London,A4208,Major,Farringdon St,High Holborn,531499,181359,51.515857,-0.10626265,0.3,0.19,16,3,28,0,6,0,0,1,0,0,0,1,38
28214,N,2021,2021-05-18,17,6,London,174,City of London,A4208,Major,Farringdon St,High Holborn,531499,181359,51.515857,-0.10626265,0.3,0.19,28,1,67,0,3,0,0,0,0,0,0,0,71
28214,N,2021,2021-05-18,18,6,London,174,City of London,A4208,Major,Farringdon St,High Holborn,531499,181359,51.515857,-0.10626265,0.3,0.19,31,4,92,0,4,1,0,1,0,0,0,2,102
28214,S,2021,2021-05-18,7,6,London,174,City of London,A4208,Major,Farringdon St,High Holborn,531499,181359,51.515857,-0.10626265,0.3,0.19,9,2,32,0,4,1,1,0,0,0,0,2,40
28214,S,2021,2021-05-18,8,6,London,174,City of London,A4208,Major,Farringdon St,High Holborn,531499,181359,51.515857,-0.10626265,0.3,0.19,20,1,26,0,2,2,0,3,0,0,0,5,34
28214,S,2021,2021-05-18,9,6,London,174,City of London,A4208,Major,Farringdon St,High Holborn,531499,181359,51.515857,-0.10626265,0.3,0.19,17,2,22,0,7,1,0,0,0,0,0,1,32
28214,S,2021,2021-05-18,10,6,London,174,City of London,A4208,Major,Farringdon St,High Holborn,531499,181359,51.515857,-0.10626265,0.3,0.19,8,0,7,0,8,2,0,2,0,0,0,4,19
28214,S,2021,2021-05-18,11,6,London,174,City of London,A4208,Major,Farringdon St,High Holborn,531499,181359,51.515857,-0.10626265,0.3,0.19,9,2,6,0,7,0,0,1,0,0,0,1,16
28214,S,2021,2021-05-18,12,6,London,174,City of London,A4208,Major,Farringdon St,High Holborn,531499,181359,51.515857,-0.10626265,0.3,0.19,14,0,9,0,9,0,0,1,0,0,0,1,19
28214,S,2021,2021-05-18,13,6,London,174,City of London,A4208,Major,Farringdon St,High Holborn,531499,181359,51.515857,-0.10626265,0.3,0.19,18,0,13,0,4,0,0,2,0,0,0,2,19
28214,S,2021,2021-05-18,14,6,London,174,City of London,A4208,Major,Farringdon St,High Holborn,531499,181359,51.515857,-0.10626265,0.3,0.19,10,1,9,0,6,0,1,2,0,0,0,3,19
28214,S,2021,2021-05-18,15,6,London,174,City of London,A4208,Major,Farringdon St,High Holborn,531499,181359,51.515857,-0.10626265,0.3,0.19,24,0,17,0,5,0,0,0,0,0,0,0,22
28214,S,2021,2021-05-18,16,6,London,174,City of London,A4208,Major,Farringdon St,High Holborn,531499,181359,51.515857,-0.10626265,0.3,0.19,23,0,25,0,5,0,0,0,0,0,0,0,30
28214,S,2021,2021-05-18,17,6,London,174,City of London,A4208,Major,Farringdon St,High Holborn,531499,181359,51.515857,-0.10626265,0.3,0.19,45,0,19,0,2,0,0,0,0,0,0,0,21
28214,N,2021,2021-05-18,7,6,London,174,City of London,A4208,Major,Farringdon St,High Holborn,531499,181359,51.515857,-0.10626265,0.3,0.19,46,0,23,0,2,1,0,1,0,0,0,2,27
28214,N,2021,2021-05-18,8,6,London,174,City of London,A4208,Major,Farringdon St,High Holborn,531499,181359,51.515857,-0.10626265,0.3,0.19,74,1,24,0,7,1,0,1,0,0,0,2,34
28214,N,2021,2021-05-18,9,6,London,174,City of London,A4208,Major,Farringdon St,High Holborn,531499,181359,51.515857,-0.10626265,0.3,0.19,53,0,16,0,10,2,0,2,0,0,0,4,30
28214,N,2021,2021-05-18,10,6,London,174,City of London,A4208,Major,Farringdon St,High Holborn,531499,181359,51.515857,-0.10626265,0.3,0.19,22,2,12,0,7,1,1,1,0,0,0,3,24
28214,N,2021,2021-05-18,11,6,London,174,City of London,A4208,Major,Farringdon St,High Holborn,531499,181359,51.515857,-0.10626265,0.3,0.19,10,0,11,0,5,1,0,1,0,0,0,2,18
28214,S,2021,2021-05-18,18,6,London,174,City of London,A4208,Major,Farringdon St,High Holborn,531499,181359,51.515857,-0.10626265,0.3,0.19,76,1,54,0,1,0,0,0,0,0,0,0,56
38702,W,2021,2021-06-17,13,6,London,174,City of London,A3211,Major,Upper Thames St,A201,531790,180870,51.511395,-0.10225395,0.3,0.19,4,11,111,1,62,23,1,5,0,0,0,29,214
38702,W,2021,2021-06-17,14,6,London,174,City of London,A3211,Major,Upper Thames St,A201,531790,180870,51.511395,-0.10225395,0.3,0.19,6,16,118,1,62,22,1,7,0,0,2,32,229
38702,W,2021,2021-06-17,15,6,London,174,City of London,A3211,Major,Upper Thames St,A201,531790,180870,51.511395,-0.10225395,0.3,0.19,13,12,136,2,60,11,1,6,0,0,0,18,228
38702,W,2021,2021-06-17,16,6,London,174,City of London,A3211,Major,Upper Thames St,A201,531790,180870,51.511395,-0.10225395,0.3,0.19,13,15,168,3,54,12,0,1,0,0,0,13,253
38702,W,2021,2021-06-17,17,6,London,174,City of London,A3211,Major,Upper Thames St,A201,531790,180870,51.511395,-0.10225395,0.3,0.19,36,19,163,3,40,12,0,0,0,0,1,13,238
38702,W,2021,2021-06-17,18,6,London,174,City of London,A3211,Major,Upper Thames St,A201,531790,180870,51.511395,-0.10225395,0.3,0.19,15,24,212,0,24,4,2,1,0,0,2,9,269
38702,E,2021,2021-06-17,11,6,London,174,City of London,A3211,Major,Upper Thames St,A201,531790,180870,51.511395,-0.10225395,0.3,0.19,7,1,14,1,29,7,1,0,0,0,0,8,53
38702,E,2021,2021-06-17,12,6,London,174,City of London,A3211,Major,Upper Thames St,A201,531790,180870,51.511395,-0.10225395,0.3,0.19,10,2,20,0,24,7,0,0,0,0,0,7,53
38702,E,2021,2021-06-17,13,6,London,174,City of London,A3211,Major,Upper Thames St,A201,531790,180870,51.511395,-0.10225395,0.3,0.19,15,2,19,3,19,6,0,1,1,0,0,8,51
38702,E,2021,2021-06-17,14,6,London,174,City of London,A3211,Major,Upper Thames St,A201,531790,180870,51.511395,-0.10225395,0.3,0.19,11,3,12,0,21,7,1,2,0,0,0,10,46
38702,E,2021,2021-06-17,15,6,London,174,City of London,A3211,Major,Upper Thames St,A201,531790,180870,51.511395,-0.10225395,0.3,0.19,10,4,9,1,17,3,0,0,0,0,0,3,34
38702,E,2021,2021-06-17,16,6,London,174,City of London,A3211,Major,Upper Thames St,A201,531790,180870,51.511395,-0.10225395,0.3,0.19,18,6,18,6,9,0,0,0,0,0,0,0,39
38702,E,2021,2021-06-17,17,6,London,174,City of London,A3211,Major,Upper Thames St,A201,531790,180870,51.511395,-0.10225395,0.3,0.19,36,5,14,3,8,1,0,0,0,0,0,1,31
38702,E,2021,2021-06-17,18,6,London,174,City of London,A3211,Major,Upper Thames St,A201,531790,180870,51.511395,-0.10225395,0.3,0.19,32,3,25,0,6,1,0,0,0,0,0,1,35
38702,W,2021,2021-06-17,7,6,London,174,City of London,A3211,Major,Upper Thames St,A201,531790,180870,51.511395,-0.10225395,0.3,0.19,37,20,102,0,97,15,2,9,1,0,1,28,247
38702,W,2021,2021-06-17,8,6,London,174,City of London,A3211,Major,Upper Thames St,A201,531790,180870,51.511395,-0.10225395,0.3,0.19,41,38,105,1,84,26,1,9,1,0,1,38,266
38702,W,2021,2021-06-17,9,6,London,174,City of London,A3211,Major,Upper Thames St,A201,531790,180870,51.511395,-0.10225395,0.3,0.19,19,29,86,1,90,21,2,2,0,0,2,27,233
38702,W,2021,2021-06-17,10,6,London,174,City of London,A3211,Major,Upper Thames St,A201,531790,180870,51.511395,-0.10225395,0.3,0.19,6,15,102,0,99,35,2,7,1,0,0,45,261
38702,W,2021,2021-06-17,11,6,London,174,City of London,A3211,Major,Upper Thames St,A201,531790,180870,51.511395,-0.10225395,0.3,0.19,5,12,138,0,82,23,1,8,0,1,2,35,267
38702,W,2021,2021-06-17,12,6,London,174,City of London,A3211,Major,Upper Thames St,A201,531790,180870,51.511395,-0.10225395,0.3,0.19,6,11,116,2,97,22,3,5,0,0,1,31,257
38702,E,2021,2021-06-17,7,6,London,174,City of London,A3211,Major,Upper Thames St,A201,531790,180870,51.511395,-0.10225395,0.3,0.19,33,4,11,0,16,13,0,0,0,0,0,13,44
38702,E,2021,2021-06-17,8,6,London,174,City of London,A3211,Major,Upper Thames St,A201,531790,180870,51.511395,-0.10225395,0.3,0.19,31,2,22,0,23,6,1,1,0,0,0,8,55
38702,E,2021,2021-06-17,9,6,London,174,City of London,A3211,Major,Upper Thames St,A201,531790,180870,51.511395,-0.10225395,0.3,0.19,20,1,13,0,19,9,1,2,0,0,1,13,46
38702,E,2021,2021-06-17,10,6,London,174,City of London,A3211,Major,Upper Thames St,A201,531790,180870,51.511395,-0.10225395,0.3,0.19,5,4,22,0,27,6,1,1,0,0,0,8,61
46432,W,2021,2021-05-21,14,6,London,174,City of London,A40,Major,A4208,Edward St,531855,181384,51.515999,-0.10112576,0.7,0.43,43,29,368,32,88,7,0,3,0,0,0,10,527
46432,W,2021,2021-05-21,15,6,London,174,City of London,A40,Major,A4208,Edward St,531855,181384,51.515999,-0.10112576,0.7,0.43,63,32,312,26,86,4,1,3,0,0,0,8,464
46432,W,2021,2021-05-21,16,6,London,174,City of London,A40,Major,A4208,Edward St,531855,181384,51.515999,-0.10112576,0.7,0.43,74,35,402,48,63,6,0,0,0,0,0,6,554
46432,W,2021,2021-05-21,17,6,London,174,City of London,A40,Major,A4208,Edward St,531855,181384,51.515999,-0.10112576,0.7,0.43,104,40,422,48,52,6,0,0,0,0,0,6,568
46432,W,2021,2021-05-21,18,6,London,174,City of London,A40,Major,A4208,Edward St,531855,181384,51.515999,-0.10112576,0.7,0.43,89,32,484,39,34,1,1,0,0,0,0,2,591
46432,E,2021,2021-05-21,7,6,London,174,City of London,A40,Major,A4208,Edward St,531855,181384,51.515999,-0.10112576,0.7,0.43,45,14,337,42,86,11,4,1,0,0,0,16,495
46432,E,2021,2021-05-21,8,6,London,174,City of London,A40,Major,A4208,Edward St,531855,181384,51.515999,-0.10112576,0.7,0.43,68,17,344,59,85,19,4,2,0,0,0,25,530
46432,E,2021,2021-05-21,9,6,London,174,City of London,A40,Major,A4208,Edward St,531855,181384,51.515999,-0.10112576,0.7,0.43,19,13,326,48,74,17,3,1,0,0,0,21,482
46432,E,2021,2021-05-21,10,6,London,174,City of London,A40,Major,A4208,Edward St,531855,181384,51.515999,-0.10112576,0.7,0.43,24,15,349,39,114,11,2,2,1,0,0,16,533
46432,E,2021,2021-05-21,11,6,London,174,City of London,A40,Major,A4208,Edward St,531855,181384,51.515999,-0.10112576,0.7,0.43,26,31,399,35,129,18,0,5,1,0,0,24,618
46432,E,2021,2021-05-21,12,6,London,174,City of London,A40,Major,A4208,Edward St,531855,181384,51.515999,-0.10112576,0.7,0.43,30,22,306,32,165,12,0,1,0,0,0,13,538
46432,E,2021,2021-05-21,13,6,London,174,City of London,A40,Major,A4208,Edward St,531855,181384,51.515999,-0.10112576,0.7,0.43,25,21,318,35,177,10,2,6,0,0,0,18,569
46432,E,2021,2021-05-21,14,6,London,174,City of London,A40,Major,A4208,Edward St,531855,181384,51.515999,-0.10112576,0.7,0.43,32,24,420,31,173,16,0,7,2,0,0,25,673
46432,E,2021,2021-05-21,15,6,London,174,City of London,A40,Major,A4208,Edward St,531855,181384,51.515999,-0.10112576,0.7,0.43,46,20,455,37,137,13,2,4,0,1,0,20,669
46432,E,2021,2021-05-21,16,6,London,174,City of London,A40,Major,A4208,Edward St,531855,181384,51.515999,-0.10112576,0.7,0.43,62,27,447,42,135,7,0,3,0,0,1,11,662
46432,E,2021,2021-05-21,17,6,London,174,City of London,A40,Major,A4208,Edward St,531855,181384,51.515999,-0.10112576,0.7,0.43,66,21,449,54,84,4,0,2,1,2,0,9,617
46432,E,2021,2021-05-21,18,6,London,174,City of London,A40,Major,A4208,Edward St,531855,181384,51.515999,-0.10112576,0.7,0.43,64,27,495,40,48,3,0,2,0,1,0,6,616
46432,W,2021,2021-05-21,7,6,London,174,City of London,A40,Major,A4208,Edward St,531855,181384,51.515999,-0.10112576,0.7,0.43,112,18,253,48,184,29,5,4,1,0,0,39,542
46432,W,2021,2021-05-21,8,6,London,174,City of London,A40,Major,A4208,Edward St,531855,181384,51.515999,-0.10112576,0.7,0.43,119,20,291,51,144,19,5,1,1,0,0,26,532
46432,W,2021,2021-05-21,9,6,London,174,City of London,A40,Major,A4208,Edward St,531855,181384,51.515999,-0.10112576,0.7,0.43,101,26,328,50,136,24,4,2,0,0,0,30,570
46432,W,2021,2021-05-21,10,6,London,174,City of London,A40,Major,A4208,Edward St,531855,181384,51.515999,-0.10112576,0.7,0.43,68,22,370,36,167,18,2,0,1,0,0,21,616
46432,W,2021,2021-05-21,11,6,London,174,City of London,A40,Major,A4208,Edward St,531855,181384,51.515999,-0.10112576,0.7,0.43,50,29,380,31,118,10,1,1,0,0,0,12,570
46432,W,2021,2021-05-21,12,6,London,174,City of London,A40,Major,A4208,Edward St,531855,181384,51.515999,-0.10112576,0.7,0.43,52,32,375,32,138,12,0,6,0,0,0,18,595
46432,W,2021,2021-05-21,13,6,London,174,City of London,A40,Major,A4208,Edward St,531855,181384,51.515999,-0.10112576,0.7,0.43,54,25,364,29,105,9,0,2,0,0,0,11,534
48574,N,2019,2019-10-03,7,6,London,174,City of London,A501,Major,A1211,LA Boundary,532750,181670,51.51836,-0.08812727,0.2,0.12,102,26,111,28,52,14,1,1,0,1,0,17,234
48574,S,2019,2019-10-03,7,6,London,174,City of London,A501,Major,A1211,LA Boundary,532750,181670,51.51836,-0.08812727,0.2,0.12,140,19,134,29,85,10,1,0,0,0,0,11,278
48574,S,2019,2019-10-03,12,6,London,174,City of London,A501,Major,A1211,LA Boundary,532750,181670,51.51836,-0.08812727,0.2,0.12,52,23,185,36,87,11,1,2,0,0,0,14,345
48574,N,2019,2019-10-03,18,6,London,174,City of London,A501,Major,A1211,LA Boundary,532750,181670,51.51836,-0.08812727,0.2,0.12,236,31,126,31,16,2,0,0,0,0,0,2,206
48574,S,2019,2019-10-03,16,6,London,174,City of London,A501,Major,A1211,LA Boundary,532750,181670,51.51836,-0.08812727,0.2,0.12,76,16,216,30,88,7,1,2,0,0,0,10,360
48574,N,2019,2019-10-03,14,6,London,174,City of London,A501,Major,A1211,LA Boundary,532750,181670,51.51836,-0.08812727,0.2,0.12,76,14,155,32,77,13,2,1,1,0,0,17,295
48574,N,2019,2019-10-03,12,6,London,174,City of London,A501,Major,A1211,LA Boundary,532750,181670,51.51836,-0.08812727,0.2,0.12,57,23,131,29,72,10,2,3,0,0,0,15,270
48574,S,2019,2019-10-03,9,6,London,174,City of London,A501,Major,A1211,LA Boundary,532750,181670,51.51836,-0.08812727,0.2,0.12,212,22,220,37,98,11,1,0,0,0,0,12,389
48574,N,2019,2019-10-03,15,6,London,174,City of London,A501,Major,A1211,LA Boundary,532750,181670,51.51836,-0.08812727,0.2,0.12,60,17,168,30,63,9,0,0,0,0,0,9,287
48574,S,2019,2019-10-03,10,6,London,174,City of London,A501,Major,A1211,LA Boundary,532750,181670,51.51836,-0.08812727,0.2,0.12,77,20,208,36,94,9,2,3,0,0,0,14,372
48574,N,2019,2019-10-03,9,6,London,174,City of London,A501,Major,A1211,LA Boundary,532750,181670,51.51836,-0.08812727,0.2,0.12,246,17,122,24,71,15,3,1,0,0,0,19,253
48574,S,2019,2019-10-03,8,6,London,174,City of London,A501,Major,A1211,LA Boundary,532750,181670,51.51836,-0.08812727,0.2,0.12,416,30,173,33,55,10,1,0,0,0,0,11,302
48574,N,2019,2019-10-03,11,6,London,174,City of London,A501,Major,A1211,LA Boundary,532750,181670,51.51836,-0.08812727,0.2,0.12,48,14,129,29,71,15,1,2,0,1,0,19,262
48574,S,2019,2019-10-03,15,6,London,174,City of London,A501,Major,A1211,LA Boundary,532750,181670,51.51836,-0.08812727,0.2,0.12,55,13,191,35,77,12,6,3,0,0,0,21,337
48574,N,2019,2019-10-03,16,6,London,174,City of London,A501,Major,A1211,LA Boundary,532750,181670,51.51836,-0.08812727,0.2,0.12,74,20,175,39,48,6,0,0,0,0,0,6,288
48574,S,2019,2019-10-03,17,6,London,174,City of London,A501,Major,A1211,LA Boundary,532750,181670,51.51836,-0.08812727,0.2,0.12,56,15,212,29,70,8,2,1,0,0,0,11,337
48574,N,2019,2019-10-03,10,6,London,174,City of London,A501,Major,A1211,LA Boundary,532750,181670,51.51836,-0.08812727,0.2,0.12,69,14,133,27,68,10,1,0,0,0,0,11,253
48574,S,2019,2019-10-03,13,6,London,174,City of London,A501,Major,A1211,LA Boundary,532750,181670,51.51836,-0.08812727,0.2,0.12,81,40,183,30,82,12,2,2,0,0,0,16,351
48574,N,2019,2019-10-03,8,6,London,174,City of London,A501,Major,A1211,LA Boundary,532750,181670,51.51836,-0.08812727,0.2,0.12,484,20,150,31,80,10,1,0,0,0,0,11,292
48574,S,2019,2019-10-03,11,6,London,174,City of London,A501,Major,A1211,LA Boundary,532750,181670,51.51836,-0.08812727,0.2,0.12,62,26,169,35,91,8,3,1,0,0,0,12,333
48574,N,2019,2019-10-03,13,6,London,174,City of London,A501,Major,A1211,LA Boundary,532750,181670,51.51836,-0.08812727,0.2,0.12,44,22,140,27,42,11,0,1,0,0,0,12,243
48574,N,2019,2019-10-03,17,6,London,174,City of London,A501,Major,A1211,LA Boundary,532750,181670,51.51836,-0.08812727,0.2,0.12,226,26,142,26,23,2,0,0,0,0,0,2,219
48574,S,2019,2019-10-03,14,6,London,174,City of London,A501,Major,A1211,LA Boundary,532750,181670,51.51836,-0.08812727,0.2,0.12,56,15,189,21,52,10,1,1,0,0,0,12,289
48574,S,2019,2019-10-03,18,6,London,174,City of London,A501,Major,A1211,LA Boundary,532750,181670,51.51836,-0.08812727,0.2,0.12,76,19,218,31,82,8,2,3,0,0,0,13,363
56614,N,2023,2023-03-28,9,6,London,174,City of London,A201,Major,LA Boundary,A3211,531650,180600,51.509001,-0.10437093,0.3,0.19,669,74,254,19,142,15,3,4,0,1,2,25,514
56614,N,2023,2023-03-28,10,6,London,174,City of London,A201,Major,LA Boundary,A3211,531650,180600,51.509001,-0.10437093,0.3,0.19,152,25,201,21,131,7,2,3,1,0,0,13,391
56614,N,2023,2023-03-28,11,6,London,174,City of London,A201,Major,LA Boundary,A3211,531650,180600,51.509001,-0.10437093,0.3,0.19,94,31,236,19,128,14,3,3,0,0,2,22,436
56614,N,2023,2023-03-28,12,6,London,174,City of London,A201,Major,LA Boundary,A3211,531650,180600,51.509001,-0.10437093,0.3,0.19,86,21,237,13,120,11,0,5,0,0,1,17,408
56614,N,2023,2023-03-28,13,6,London,174,City of London,A201,Major,LA Boundary,A3211,531650,180600,51.509001,-0.10437093,0.3,0.19,66,25,260,12,106,11,1,4,0,1,2,19,422
56614,N,2023,2023-03-28,14,6,London,174,City of London,A201,Major,LA Boundary,A3211,531650,180600,51.509001,-0.10437093,0.3,0.19,83,28,253,20,104,13,0,3,0,1,0,17,422
56614,N,2023,2023-03-28,15,6,London,174,City of London,A201,Major,LA Boundary,A3211,531650,180600,51.509001,-0.10437093,0.3,0.19,72,21,262,20,111,7,2,1,1,0,0,11,425
56614,N,2023,2023-03-28,7,6,London,174,City of London,A201,Major,LA Boundary,A3211,531650,180600,51.509001,-0.10437093,0.3,0.19,514,90,211,16,177,19,3,1,0,0,0,23,517
56614,N,2023,2023-03-28,8,6,London,174,City of London,A201,Major,LA Boundary,A3211,531650,180600,51.509001,-0.10437093,0.3,0.19,1205,107,256,16,192,14,0,4,1,1,0,20,591
56614,N,2023,2023-03-28,16,6,London,174,City of London,A201,Major,LA Boundary,A3211,531650,180600,51.509001,-0.10437093,0.3,0.19,143,41,311,20,93,2,0,1,1,0,0,4,469
56614,N,2023,2023-03-28,17,6,London,174,City of London,A201,Major,LA Boundary,A3211,531650,180600,51.509001,-0.10437093,0.3,0.19,297,49,251,15,59,8,1,3,0,2,1,15,389
56614,N,2023,2023-03-28,18,6,London,174,City of London,A201,Major,LA Boundary,A3211,531650,180600,51.509001,-0.10437093,0.3,0.19,301,37,327,19,46,4,1,0,0,0,0,5,434
56614,S,2023,2023-03-28,7,6,London,174,City of London,A201,Major,LA Boundary,A3211,531650,180600,51.509001,-0.10437093,0.3,0.19,134,31,298,17,242,23,7,3,1,2,1,37,625
56614,S,2023,2023-03-28,8,6,London,174,City of London,A201,Major,LA Boundary,A3211,531650,180600,51.509001,-0.10437093,0.3,0.19,293,39,340,15,201,22,3,5,0,1,0,31,626
56614,S,2023,2023-03-28,9,6,London,174,City of London,A201,Major,LA Boundary,A3211,531650,180600,51.509001,-0.10437093,0.3,0.19,210,33,374,15,188,27,4,10,1,0,0,42,652
56614,S,2023,2023-03-28,10,6,London,174,City of London,A201,Major,LA Boundary,A3211,531650,180600,51.509001,-0.10437093,0.3,0.19,72,25,364,21,190,17,4,6,0,0,1,28,628
56614,S,2023,2023-03-28,11,6,London,174,City of London,A201,Major,LA Boundary,A3211,531650,180600,51.509001,-0.10437093,0.3,0.19,46,23,402,19,204,22,2,10,0,0,4,38,686
56614,S,2023,2023-03-28,12,6,London,174,City of London,A201,Major,LA Boundary,A3211,531650,180600,51.509001,-0.10437093,0.3,0.19,60,35,388,16,219,16,3,8,0,1,1,29,687
56614,S,2023,2023-03-28,13,6,London,174,City of London,A201,Major,LA Boundary,A3211,531650,180600,51.509001,-0.10437093,0.3,0.19,100,45,410,17,200,19,4,12,0,0,1,36,708
56614,S,2023,2023-03-28,14,6,London,174,City of London,A201,Major,LA Boundary,A3211,531650,180600,51.509001,-0.10437093,0.3,0.19,116,40,414,16,185,10,1,9,1,1,4,26,681
56614,S,2023,2023-03-28,15,6,London,174,City of London,A201,Major,LA Boundary,A3211,531650,180600,51.509001,-0.10437093,0.3,0.19,154,56,437,21,226,11,1,3,0,0,0,15,755
56614,S,2023,2023-03-28,16,6,London,174,City of London,A201,Major,LA Boundary,A3211,531650,180600,51.509001,-0.10437093,0.3,0.19,272,85,427,21,186,15,3,3,1,0,0,22,741
56614,S,2023,2023-03-28,17,6,London,174,City of London,A201,Major,LA Boundary,A3211,531650,180600,51.509001,-0.10437093,0.3,0.19,807,152,487,25,145,11,1,1,1,0,2,16,825
56614,S,2023,2023-03-28,18,6,London,174,City of London,A201,Major,LA Boundary,A3211,531650,180600,51.509001,-0.10437093,0.3,0.19,889,120,581,23,53,6,2,0,0,0,0,8,785
75400,E,2019,2019-09-17,18,6,London,174,City of London,A3211,Major,Queen St Place,Arthur St,532600,180780,51.510397,-0.09062234,0.4,0.25,667,101,493,42,136,34,2,5,0,1,0,42,814
75400,E,2019,2019-09-17,10,6,London,174,City of London,A3211,Major,Queen St Place,Arthur St,532600,180780,51.510397,-0.09062234,0.4,0.25,54,49,391,18,236,57,10,42,2,2,2,115,809
75400,E,2019,2019-09-17,16,6,London,174,City of London,A3211,Major,Queen St Place,Arthur St,532600,180780,51.510397,-0.09062234,0.4,0.25,191,136,289,27,269,32,2,37,3,3,5,82,803
75400,W,2019,2019-09-17,8,6,London,174,City of London,A3211,Major,Queen St Place,Arthur St,532600,180780,51.510397,-0.09062234,0.4,0.25,633,172,424,47,400,45,14,30,6,1,5,101,1144
75400,W,2019,2019-09-17,10,6,London,174,City of London,A3211,Major,Queen St Place,Arthur St,532600,180780,51.510397,-0.09062234,0.4,0.25,69,66,592,47,374,53,9,50,3,3,2,120,1199
75400,W,2019,2019-09-17,12,6,London,174,City of London,A3211,Major,Queen St Place,Arthur St,532600,180780,51.510397,-0.09062234,0.4,0.25,54,60,607,45,242,29,8,32,5,3,6,83,1037
75400,E,2019,2019-09-17,8,6,London,174,City of London,A3211,Major,Queen St Place,Arthur St,532600,180780,51.510397,-0.09062234,0.4,0.25,1028,115,423,17,152,55,4,34,4,0,6,103,810
75400,E,2019,2019-09-17,9,6,London,174,City of London,A3211,Major,Queen St Place,Arthur St,532600,180780,51.510397,-0.09062234,0.4,0.25,405,49,326,21,161,50,6,56,5,2,2,121,678
75400,E,2019,2019-09-17,17,6,London,174,City of London,A3211,Major,Queen St Place,Arthur St,532600,180780,51.510397,-0.09062234,0.4,0.25,558,141,330,51,181,41,5,13,1,2,1,63,766
75400,W,2019,2019-09-17,7,6,London,174,City of London,A3211,Major,Queen St Place,Arthur St,532600,180780,51.510397,-0.09062234,0.4,0.25,364,216,366,23,434,63,18,47,5,3,4,140,1179
75400,W,2019,2019-09-17,16,6,London,174,City of London,A3211,Major,Queen St Place,Arthur St,532600,180780,51.510397,-0.09062234,0.4,0.25,149,71,571,43,196,10,1,9,0,1,1,22,903
75400,W,2019,2019-09-17,15,6,London,174,City of London,A3211,Major,Queen St Place,Arthur St,532600,180780,51.510397,-0.09062234,0.4,0.25,75,71,748,46,169,20,1,24,1,3,2,51,1085
75400,W,2019,2019-09-17,18,6,London,174,City of London,A3211,Major,Queen St Place,Arthur St,532600,180780,51.510397,-0.09062234,0.4,0.25,505,108,983,32,115,15,4,1,2,1,2,25,1263
75400,E,2019,2019-09-17,14,6,London,174,City of London,A3211,Major,Queen St Place,Arthur St,532600,180780,51.510397,-0.09062234,0.4,0.25,54,49,271,19,238,57,5,49,1,5,3,120,697
75400,W,2019,2019-09-17,17,6,London,174,City of London,A3211,Major,Queen St Place,Arthur St,532600,180780,51.510397,-0.09062234,0.4,0.25,531,131,672,51,137,18,2,4,2,3,1,30,1021
75400,E,2019,2019-09-17,12,6,London,174,City of London,A3211,Major,Queen St Place,Arthur St,532600,180780,51.510397,-0.09062234,0.4,0.25,89,35,288,14,182,62,11,53,1,5,5,137,656
75400,W,2019,2019-09-17,11,6,London,174,City of London,A3211,Major,Queen St Place,Arthur St,532600,180780,51.510397,-0.09062234,0.4,0.25,53,50,565,44,242,35,8,36,1,8,6,94,995
75400,W,2019,2019-09-17,9,6,London,174,City of London,A3211,Major,Queen St Place,Arthur St,532600,180780,51.510397,-0.09062234,0.4,0.25,358,114,549,40,371,50,9,48,4,5,5,121,1195
75400,W,2019,2019-09-17,14,6,London,174,City of London,A3211,Major,Queen St Place,Arthur St,532600,180780,51.510397,-0.09062234,0.4,0.25,90,51,621,45,175,25,0,31,4,3,2,65,957
75400,E,2019,2019-09-17,11,6,London,174,City of London,A3211,Major,Queen St Place,Arthur St,532600,180780,51.510397,-0.09062234,0.4,0.25,52,39,386,15,199,50,19,27,0,9,4,109,748
75400,E,2019,2019-09-17,15,6,London,174,City of London,A3211,Major,Queen St Place,Arthur St,532600,180780,51.510397,-0.09062234,0.4,0.25,157,70,287,22,245,62,4,40,0,6,3,115,739
75400,E,2019,2019-09-17,13,6,London,174,City of London,A3211,Major,Queen St Place,Arthur St,532600,180780,51.510397,-0.09062234,0.4,0.25,69,40,286,13,251,52,8,44,3,2,5,114,704
75400,W,2019,2019-09-17,13,6,London,174,City of London,A3211,Major,Queen St Place,Arthur St,532600,180780,51.510397,-0.09062234,0.4,0.25,52,64,642,38,227,30,6,52,5,2,0,95,1066
75400,E,2019,2019-09-17,7,6,London,174,City of London,A3211,Major,Queen St Place,Arthur St,532600,180780,51.510397,-0.09062234,0.4,0.25,489,85,398,18,173,50,6,20,3,2,1,82,756
75400,W,2023,2023-04-24,12,6,London,174,City of London,A3211,Major,Queen St Place,Arthur St,532600,180780,51.510397,-0.09062234,0.4,0.25,75,25,481,36,241,31,9,26,8,3,12,89,872
75400,W,2023,2023-04-24,13,6,London,174,City of London,A3211,Major,Queen St Place,Arthur St,532600,180780,51.510397,-0.09062234,0.4,0.25,65,30,494,39,213,25,6,32,1,1,7,72,848
75400,W,2023,2023-04-24,14,6,London,174,City of London,A3211,Major,Queen St Place,Arthur St,532600,180780,51.510397,-0.09062234,0.4,0.25,56,22,511,28,180,25,2,19,1,1,1,49,790
75400,W,2023,2023-04-24,15,6,London,174,City of London,A3211,Major,Queen St Place,Arthur St,532600,180780,51.510397,-0.09062234,0.4,0.25,82,36,471,34,137,14,4,8,0,1,7,34,712
75400,W,2023,2023-04-24,16,6,London,174,City of London,A3211,Major,Queen St Place,Arthur St,532600,180780,51.510397,-0.09062234,0.4,0.25,121,36,559,47,131,13,5,5,1,0,1,25,798
75400,W,2023,2023-04-24,17,6,London,174,City of London,A3211,Major,Queen St Place,Arthur St,532600,180780,51.510397,-0.09062234,0.4,0.25,206,66,626,36,119,10,3,2,0,0,2,17,864
75400,W,2023,2023-04-24,18,6,London,174,City of London,A3211,Major,Queen St Place,Arthur St,532600,180780,51.510397,-0.09062234,0.4,0.25,195,72,840,33,100,10,2,2,2,1,3,20,1065
75400,E,2023,2023-04-24,7,6,London,174,City of London,A3211,Major,Queen St Place,Arthur St,532600,180780,51.510397,-0.09062234,0.4,0.25,186,42,308,2,197,34,12,14,3,1,3,67,616
75400,E,2023,2023-04-24,8,6,London,174,City of London,A3211,Major,Queen St Place,Arthur St,532600,180780,51.510397,-0.09062234,0.4,0.25,306,44,246,2,173,39,14,28,1,0,5,87,552
75400,E,2023,2023-04-24,9,6,London,174,City of London,A3211,Major,Queen St Place,Arthur St,532600,180780,51.510397,-0.09062234,0.4,0.25,132,21,265,4,186,50,17,33,1,0,4,105,581
75400,E,2023,2023-04-24,10,6,London,174,City of London,A3211,Major,Queen St Place,Arthur St,532600,180780,51.510397,-0.09062234,0.4,0.25,52,11,227,6,195,44,16,31,3,1,3,98,537
75400,E,2023,2023-04-24,11,6,London,174,City of London,A3211,Major,Queen St Place,Arthur St,532600,180780,51.510397,-0.09062234,0.4,0.25,44,8,220,7,253,68,12,25,4,2,4,115,603
75400,E,2023,2023-04-24,12,6,London,174,City of London,A3211,Major,Queen St Place,Arthur St,532600,180780,51.510397,-0.09062234,0.4,0.25,69,10,222,5,247,43,10,31,5,3,4,96,580
75400,E,2023,2023-04-24,13,6,London,174,City of London,A3211,Major,Queen St Place,Arthur St,532600,180780,51.510397,-0.09062234,0.4,0.25,78,19,241,5,237,39,5,19,1,1,3,68,570
75400,E,2023,2023-04-24,14,6,London,174,City of London,A3211,Major,Queen St Place,Arthur St,532600,180780,51.510397,-0.09062234,0.4,0.25,104,24,215,4,222,37,7,39,2,5,6,96,561
75400,E,2023,2023-04-24,15,6,London,174,City of London,A3211,Major,Queen St Place,Arthur St,532600,180780,51.510397,-0.09062234,0.4,0.25,132,35,175,3,272,24,1,22,2,0,11,60,545
75400,E,2023,2023-04-24,16,6,London,174,City of London,A3211,Major,Queen St Place,Arthur St,532600,180780,51.510397,-0.09062234,0.4,0.25,203,72,221,5,236,22,7,20,0,1,5,55,589
75400,E,2023,2023-04-24,17,6,London,174,City of London,A3211,Major,Queen St Place,Arthur St,532600,180780,51.510397,-0.09062234,0.4,0.25,277,96,290,11,196,19,6,7,1,0,4,37,630
75400,E,2023,2023-04-24,18,6,London,174,City of London,A3211,Major,Queen St Place,Arthur St,532600,180780,51.510397,-0.09062234,0.4,0.25,269,63,400,5,123,12,2,5,1,2,2,24,615
75400,W,2023,2023-04-24,7,6,London,174,City of London,A3211,Major,Queen St Place,Arthur St,532600,180780,51.510397,-0.09062234,0.4,0.25,266,149,234,11,501,74,12,63,0,5,7,161,1056
75400,W,2023,2023-04-24,8,6,London,174,City of London,A3211,Major,Queen St Place,Arthur St,532600,180780,51.510397,-0.09062234,0.4,0.25,412,83,290,24,455,66,11,33,2,5,7,124,976
75400,W,2023,2023-04-24,9,6,London,174,City of London,A3211,Major,Queen St Place,Arthur St,532600,180780,51.510397,-0.09062234,0.4,0.25,229,51,394,29,434,50,10,26,0,3,4,93,1001
75400,W,2023,2023-04-24,10,6,London,174,City of London,A3211,Major,Queen St Place,Arthur St,532600,180780,51.510397,-0.09062234,0.4,0.25,86,23,463,40,367,57,10,28,9,2,4,110,1003
75400,W,2023,2023-04-24,11,6,London,174,City of London,A3211,Major,Queen St Place,Arthur St,532600,180780,51.510397,-0.09062234,0.4,0.25,65,31,522,41,278,35,11,22,6,1,8,83,955
90108,E,2019,2019-09-06,7,6,London,174,City of London,A1211,Major,London Wall,Outwich St,533604,181267,51.514537,-0.07597902,1.0,0.62,12,13,98,40,86,22,4,8,0,0,0,34,271
90108,W,2019,2019-09-06,13,6,London,174,City of London,A1211,Major,London Wall,Outwich St,533604,181267,51.514537,-0.07597902,1.0,0.62,14,16,182,38,108,27,2,9,0,0,0,38,382
90108,W,2019,2019-09-06,11,6,London,174,City of London,A1211,Major,London Wall,Outwich St,533604,181267,51.514537,-0.07597902,1.0,0.62,11,43,243,38,142,25,4,10,0,0,0,39,505
90108,E,2019,2019-09-06,16,6,London,174,City of London,A1211,Major,London Wall,Outwich St,533604,181267,51.514537,-0.07597902,1.0,0.62,51,73,238,43,140,23,2,7,0,0,0,32,526
90108,E,2019,2019-09-06,14,6,London,174,City of London,A1211,Major,London Wall,Outwich St,533604,181267,51.514537,-0.07597902,1.0,0.62,27,27,225,37,194,16,3,9,4,3,0,35,518
90108,W,2019,2019-09-06,14,6,London,174,City of London,A1211,Major,London Wall,Outwich St,533604,181267,51.514537,-0.07597902,1.0,0.62,12,25,220,38,112,14,2,7,0,1,0,24,419
90108,E,2019,2019-09-06,12,6,London,174,City of London,A1211,Major,London Wall,Outwich St,533604,181267,51.514537,-0.07597902,1.0,0.62,20,39,179,37,164,26,5,16,0,2,0,49,468
90108,W,2019,2019-09-06,10,6,London,174,City of London,A1211,Major,London Wall,Outwich St,533604,181267,51.514537,-0.07597902,1.0,0.62,19,23,135,45,116,22,3,12,2,3,0,42,361
90108,E,2019,2019-09-06,15,6,London,174,City of London,A1211,Major,London Wall,Outwich St,533604,181267,51.514537,-0.07597902,1.0,0.62,28,53,196,36,145,21,7,10,2,1,0,41,471
90108,W,2019,2019-09-06,7,6,London,174,City of London,A1211,Major,London Wall,Outwich St,533604,181267,51.514537,-0.07597902,1.0,0.62,63,103,130,44,181,39,6,13,1,4,2,65,523
90108,W,2019,2019-09-06,9,6,London,174,City of London,A1211,Major,London Wall,Outwich St,533604,181267,51.514537,-0.07597902,1.0,0.62,46,62,139,55,141,12,1,8,0,0,0,21,418
90108,E,2019,2019-09-06,10,6,London,174,City of London,A1211,Major,London Wall,Outwich St,533604,181267,51.514537,-0.07597902,1.0,0.62,22,20,111,37,157,19,4,11,0,1,0,35,360
90108,W,2019,2019-09-06,17,6,London,174,City of London,A1211,Major,London Wall,Outwich St,533604,181267,51.514537,-0.07597902,1.0,0.62,40,17,303,45,55,8,2,1,1,0,0,12,432
90108,E,2019,2019-09-06,9,6,London,174,City of London,A1211,Major,London Wall,Outwich St,533604,181267,51.514537,-0.07597902,1.0,0.62,25,14,138,35,144,23,8,9,1,1,0,42,373
90108,W,2019,2019-09-06,18,6,London,174,City of London,A1211,Major,London Wall,Outwich St,533604,181267,51.514537,-0.07597902,1.0,0.62,19,19,319,46,44,6,1,1,0,0,0,8,436
90108,E,2019,2019-09-06,11,6,London,174,City of London,A1211,Major,London Wall,Outwich St,533604,181267,51.514537,-0.07597902,1.0,0.62,19,20,139,41,152,16,7,12,2,0,0,37,389
90108,E,2019,2019-09-06,13,6,London,174,City of London,A1211,Major,London Wall,Outwich St,533604,181267,51.514537,-0.07597902,1.0,0.62,16,29,148,35,170,24,4,9,1,0,0,38,420
90108,E,2019,2019-09-06,18,6,London,174,City of London,A1211,Major,London Wall,Outwich St,533604,181267,51.514537,-0.07597902,1.0,0.62,75,102,328,43,131,10,2,6,0,0,0,18,622
90108,W,2019,2019-09-06,8,6,London,174,City of London,A1211,Major,London Wall,Outwich St,533604,181267,51.514537,-0.07597902,1.0,0.62,110,87,115,36,150,26,3,10,0,1,1,41,429
90108,W,2019,2019-09-06,12,6,London,174,City of London,A1211,Major,London Wall,Outwich St,533604,181267,51.514537,-0.07597902,1.0,0.62,16,43,171,39,100,17,3,9,0,1,0,30,383
90108,W,2019,2019-09-06,15,6,London,174,City of London,A1211,Major,London Wall,Outwich St,533604,181267,51.514537,-0.07597902,1.0,0.62,10,23,182,36,82,15,2,2,1,2,0,22,345
90108,W,2019,2019-09-06,16,6,London,174,City of London,A1211,Major,London Wall,Outwich St,533604,181267,51.514537,-0.07597902,1.0,0.62,26,15,222,41,62,10,1,2,0,0,0,13,353
90108,E,2019,2019-09-06,8,6,London,174,City of London,A1211,Major,London Wall,Outwich St,533604,181267,51.514537,-0.07597902,1.0,0.62,19,13,112,39,119,15,4,11,1,1,0,32,315
90108,E,2019,2019-09-06,17,6,London,174,City of London,A1211,Major,London Wall,Outwich St,533604,181267,51.514537,-0.07597902,1.0,0.62,94,105,292,37,115,12,1,2,0,0,0,15,564
90108,E,2023,2023-04-21,12,6,London,174,City of London,A1211,Major,London Wall,Outwich St,533604,181267,51.514537,-0.07597902,1.0,0.62,28,28,229,32,194,27,2,14,1,0,5,49,532
90108,E,2023,2023-04-21,13,6,London,174,City of London,A1211,Major,London Wall,Outwich St,533604,181267,51.514537,-0.07597902,1.0,0.62,30,20,237,39,196,27,4,10,0,0,2,43,535
90108,E,2023,2023-04-21,14,6,London,174,City of London,A1211,Major,London Wall,Outwich St,533604,181267,51.514537,-0.07597902,1.0,0.62,32,49,236,36,195,21,5,7,2,1,0,36,552
90108,E,2023,2023-04-21,15,6,London,174,City of London,A1211,Major,London Wall,Outwich St,533604,181267,51.514537,-0.07597902,1.0,0.62,44,48,262,33,174,16,4,12,0,0,0,32,549
90108,E,2023,2023-04-21,16,6,London,174,City of London,A1211,Major,London Wall,Outwich St,533604,181267,51.514537,-0.07597902,1.0,0.62,42,64,312,35,166,12,2,8,0,0,1,23,600
90108,E,2023,2023-04-21,17,6,London,174,City of London,A1211,Major,London Wall,Outwich St,533604,181267,51.514537,-0.07597902,1.0,0.62,53,74,313,29,107,10,1,3,0,0,0,14,537
90108,E,2023,2023-04-21,18,6,London,174,City of London,A1211,Major,London Wall,Outwich St,533604,181267,51.514537,-0.07597902,1.0,0.62,53,56,306,28,79,11,3,2,0,0,0,16,485
90108,W,2023,2023-04-21,7,6,London,174,City of London,A1211,Major,London Wall,Outwich St,533604,181267,51.514537,-0.07597902,1.0,0.62,52,64,109,36,197,30,4,13,1,0,6,54,460
90108,W,2023,2023-04-21,8,6,London,174,City of London,A1211,Major,London Wall,Outwich St,533604,181267,51.514537,-0.07597902,1.0,0.62,72,40,138,36,156,28,4,10,1,0,1,44,414
90108,W,2023,2023-04-21,9,6,London,174,City of London,A1211,Major,London Wall,Outwich St,533604,181267,51.514537,-0.07597902,1.0,0.62,40,35,149,37,136,19,3,7,0,0,0,29,386
90108,W,2023,2023-04-21,10,6,London,174,City of London,A1211,Major,London Wall,Outwich St,533604,181267,51.514537,-0.07597902,1.0,0.62,18,14,131,32,115,12,1,10,0,0,2,25,317
90108,W,2023,2023-04-21,11,6,London,174,City of London,A1211,Major,London Wall,Outwich St,533604,181267,51.514537,-0.07597902,1.0,0.62,21,13,114,32,81,13,0,12,0,0,0,25,265
90108,W,2023,2023-04-21,12,6,London,174,City of London,A1211,Major,London Wall,Outwich St,533604,181267,51.514537,-0.07597902,1.0,0.62,29,26,136,32,80,19,3,7,0,0,0,29,303
90108,W,2023,2023-04-21,13,6,London,174,City of London,A1211,Major,London Wall,Outwich St,533604,181267,51.514537,-0.07597902,1.0,0.62,32,23,130,39,64,8,5,6,0,0,0,19,275
90108,W,2023,2023-04-21,14,6,London,174,City of London,A1211,Major,London Wall,Outwich St,533604,181267,51.514537,-0.07597902,1.0,0.62,30,26,142,33,64,8,1,4,0,0,0,13,278
90108,W,2023,2023-04-21,15,6,London,174,City of London,A1211,Major,London Wall,Outwich St,533604,181267,51.514537,-0.07597902,1.0,0.62,30,22,125,34,52,8,0,3,0,0,1,12,245
90108,W,2023,2023-04-21,16,6,London,174,City of London,A1211,Major,London Wall,Outwich St,533604,181267,51.514537,-0.07597902,1.0,0.62,24,18,127,34,24,8,1,2,0,1,0,12,215
90108,W,2023,2023-04-21,17,6,London,174,City of London,A1211,Major,London Wall,Outwich St,533604,181267,51.514537,-0.07597902,1.0,0.62,42,22,141,31,21,2,0,0,0,0,0,2,217
90108,W,2023,2023-04-21,18,6,London,174,City of London,A1211,Major,London Wall,Outwich St,533604,181267,51.514537,-0.07597902,1.0,0.62,41,19,228,29,20,8,0,0,1,0,0,9,305
90108,E,2023,2023-04-21,7,6,London,174,City of London,A1211,Major,London Wall,Outwich St,533604,181267,51.514537,-0.07597902,1.0,0.62,21,6,122,38,108,21,3,0,0,0,0,24,298
90108,E,2023,2023-04-21,8,6,London,174,City of London,A1211,Major,London Wall,Outwich St,533604,181267,51.514537,-0.07597902,1.0,0.62,25,6,120,35,137,28,3,3,1,1,0,36,334
90108,E,2023,2023-04-21,9,6,London,174,City of London,A1211,Major,London Wall,Outwich St,533604,181267,51.514537,-0.07597902,1.0,0.62,9,17,152,31,153,26,5,13,0,0,0,44,397
90108,E,2023,2023-04-21,10,6,London,174,City of London,A1211,Major,London Wall,Outwich St,533604,181267,51.514537,-0.07597902,1.0,0.62,15,16,180,32,181,30,4,7,0,1,1,43,452
90108,E,2023,2023-04-21,11,6,London,174,City of London,A1211,Major,London Wall,Outwich St,533604,181267,51.514537,-0.07597902,1.0,0.62,21,20,206,34,185,30,3,7,0,2,5,47,492
90109,S,2021,2021-07-09,18,6,London,174,City of London,A1211,Major,Goodman's Yard,Bevis Marks,533630,181070,51.51276,-0.07567916,0.5,0.31,45,14,144,31,36,2,0,0,0,0,0,2,227
90109,N,2021,2021-07-09,7,6,London,174,City of London,A1211,Major,Goodman's Yard,Bevis Marks,533630,181070,51.51276,-0.07567916,0.5,0.31,27,11,51,6,74,4,1,0,0,0,0,5,147
90109,N,2021,2021-07-09,8,6,London,174,City of London,A1211,Major,Goodman's Yard,Bevis Marks,533630,181070,51.51276,-0.07567916,0.5,0.31,41,12,57,10,64,6,1,0,0,0,1,8,151
90109,N,2021,2021-07-09,9,6,London,174,City of London,A1211,Major,Goodman's Yard,Bevis Marks,533630,181070,51.51276,-0.07567916,0.5,0.31,31,6,62,6,63,1,1,0,0,0,0,2,139
90109,N,2021,2021-07-09,10,6,London,174,City of London,A1211,Major,Goodman's Yard,Bevis Marks,533630,181070,51.51276,-0.07567916,0.5,0.31,21,13,67,9,61,2,0,0,0,0,0,2,152
90109,N,2021,2021-07-09,11,6,London,174,City of London,A1211,Major,Goodman's Yard,Bevis Marks,533630,181070,51.51276,-0.07567916,0.5,0.31,13,11,59,7,55,7,0,0,0,0,0,7,139
90109,N,2021,2021-07-09,12,6,London,174,City of London,A1211,Major,Goodman's Yard,Bevis Marks,533630,181070,51.51276,-0.07567916,0.5,0.31,30,7,67,8,48,4,0,1,0,0,0,5,135
90109,N,2021,2021-07-09,13,6,London,174,City of London,A1211,Major,Goodman's Yard,Bevis Marks,533630,181070,51.51276,-0.07567916,0.5,0.31,37,10,79,8,26,1,2,0,0,0,0,3,126
90109,N,2021,2021-07-09,14,6,London,174,City of London,A1211,Major,Goodman's Yard,Bevis Marks,533630,181070,51.51276,-0.07567916,0.5,0.31,28,13,87,6,34,2,0,0,0,0,0,2,142
90109,N,2021,2021-07-09,15,6,London,174,City of London,A1211,Major,Goodman's Yard,Bevis Marks,533630,181070,51.51276,-0.07567916,0.5,0.31,32,9,92,8,16,1,0,0,0,0,0,1,126
90109,N,2021,2021-07-09,16,6,London,174,City of London,A1211,Major,Goodman's Yard,Bevis Marks,533630,181070,51.51276,-0.07567916,0.5,0.31,30,9,98,8,12,1,0,0,0,0,0,1,128
90109,N,2021,2021-07-09,17,6,London,174,City of London,A1211,Major,Goodman's Yard,Bevis Marks,533630,181070,51.51276,-0.07567916,0.5,0.31,37,7,104,6,15,2,0,0,0,0,0,2,134
90109,N,2021,2021-07-09,18,6,London,174,City of London,A1211,Major,Goodman's Yard,Bevis Marks,533630,181070,51.51276,-0.07567916,0.5,0.31,41,4,106,9,13,0,0,0,0,0,0,0,132
90109,S,2021,2021-07-09,7,6,London,174,City of London,A1211,Major,Goodman's Yard,Bevis Marks,533630,181070,51.51276,-0.07567916,0.5,0.31,33,6,41,29,34,7,3,0,1,0,0,11,121
90109,S,2021,2021-07-09,8,6,London,174,City of London,A1211,Major,Goodman's Yard,Bevis Marks,533630,181070,51.51276,-0.07567916,0.5,0.31,19,8,39,36,46,5,1,2,0,0,0,8,137
90109,S,2021,2021-07-09,9,6,London,174,City of London,A1211,Major,Goodman's Yard,Bevis Marks,533630,181070,51.51276,-0.07567916,0.5,0.31,10,8,52,31,57,4,2,5,1,0,0,12,160
90109,S,2021,2021-07-09,10,6,London,174,City of London,A1211,Major,Goodman's Yard,Bevis Marks,533630,181070,51.51276,-0.07567916,0.5,0.31,10,12,60,31,48,8,1,5,0,0,0,14,165
90109,S,2021,2021-07-09,11,6,London,174,City of London,A1211,Major,Goodman's Yard,Bevis Marks,533630,181070,51.51276,-0.07567916,0.5,0.31,15,17,64,31,49,9,0,5,0,0,0,14,175
90109,S,2021,2021-07-09,12,6,London,174,City of London,A1211,Major,Goodman's Yard,Bevis Marks,533630,181070,51.51276,-0.07567916,0.5,0.31,16,11,66,27,69,5,0,2,0,0,0,7,180
90109,S,2021,2021-07-09,13,6,London,174,City of London,A1211,Major,Goodman's Yard,Bevis Marks,533630,181070,51.51276,-0.07567916,0.5,0.31,23,20,92,33,55,5,1,6,0,0,0,12,212
90109,S,2021,2021-07-09,14,6,London,174,City of London,A1211,Major,Goodman's Yard,Bevis Marks,533630,181070,51.51276,-0.07567916,0.5,0.31,38,14,83,29,86,0,0,4,1,1,0,6,218
90109,S,2021,2021-07-09,15,6,London,174,City of London,A1211,Major,Goodman's Yard,Bevis Marks,533630,181070,51.51276,-0.07567916,0.5,0.31,32,21,80,28,68,1,0,5,0,0,0,6,203
90109,S,2021,2021-07-09,16,6,London,174,City of London,A1211,Major,Goodman's Yard,Bevis Marks,533630,181070,51.51276,-0.07567916,0.5,0.31,31,15,94,34,48,1,1,1,0,0,0,3,194
90109,S,2021,2021-07-09,17,6,London,174,City of London,A1211,Major,Goodman's Yard,Bevis Marks,533630,181070,51.51276,-0.07567916,0.5,0.31,52,15,94,29,46,2,0,0,0,0,0,2,186
811188,W,2019,2019-07-16,10,6,London,174,City of London,U,Minor,,,533153,181136,51.513466,-0.08252405,,,39,8,78,12,56,6,1,0,0,0,1,8,162
811188,E,2019,2019-07-16,12,6,London,174,City of London,U,Minor,,,533153,181136,51.513466,-0.08252405,,,29,26,83,9,60,4,0,0,0,1,0,5,183
811188,W,2019,2019-07-16,16,6,London,174,City of London,U,Minor,,,533153,181136,51.513466,-0.08252405,,,63,18,60,10,12,2,0,0,0,0,0,2,102
811188,W,2019,2019-07-16,15,6,London,174,City of London,U,Minor,,,533153,181136,51.513466,-0.08252405,,,39,9,58,7,23,2,1,0,0,0,0,3,100
811188,E,2019,2019-07-16,11,6,London,174,City of London,U,Minor,,,533153,181136,51.513466,-0.08252405,,,20,24,65,7,49,5,0,4,1,2,0,12,157
811188,W,2019,2019-07-16,18,6,London,174,City of London,U,Minor,,,533153,181136,51.513466,-0.08252405,,,135,27,89,8,9,0,1,0,0,0,0,1,134
811188,E,2019,2019-07-16,15,6,London,174,City of London,U,Minor,,,533153,181136,51.513466,-0.08252405,,,51,19,93,9,52,5,0,0,1,0,0,6,179
811188,E,2019,2019-07-16,8,6,London,174,City of London,U,Minor,,,533153,181136,51.513466,-0.08252405,,,100,30,62,8,40,10,2,1,0,0,0,13,153
811188,E,2019,2019-07-16,7,6,London,174,City of London,U,Minor,,,533153,181136,51.513466,-0.08252405,,,75,21,35,8,40,12,0,0,0,0,0,12,116
811188,E,2019,2019-07-16,10,6,London,174,City of London,U,Minor,,,533153,181136,51.513466,-0.08252405,,,22,13,62,13,64,7,3,1,0,0,0,11,163
811188,W,2019,2019-07-16,13,6,London,174,City of London,U,Minor,,,533153,181136,51.513466,-0.08252405,,,47,19,85,10,33,2,0,0,0,0,1,3,150
811188,E,2019,2019-07-16,17,6,London,174,City of London,U,Minor,,,533153,181136,51.513466,-0.08252405,,,176,42,97,12,28,1,0,0,0,1,0,2,181
811188,W,2019,2019-07-16,9,6,London,174,City of London,U,Minor,,,533153,181136,51.513466,-0.08252405,,,136,13,65,13,58,11,1,1,0,0,0,13,162
811188,W,2019,2019-07-16,17,6,London,174,City of London,U,Minor,,,533153,181136,51.513466,-0.08252405,,,154,22,55,12,11,4,0,0,0,0,0,4,104
811188,W,2019,2019-07-16,11,6,London,174,City of London,U,Minor,,,533153,181136,51.513466,-0.08252405,,,40,15,85,9,48,6,0,0,0,0,0,6,163
811188,E,2019,2019-07-16,13,6,London,174,City of London,U,Minor,,,533153,181136,51.513466,-0.08252405,,,35,22,87,8,47,3,2,2,0,0,0,7,171
811188,W,2019,2019-07-16,12,6,London,174,City of London,U,Minor,,,533153,181136,51.513466,-0.08252405,,,49,17,84,9,34,6,1,0,0,0,0,7,151
811188,W,2019,2019-07-16,14,6,London,174,City of London,U,Minor,,,533153,181136,51.513466,-0.08252405,,,43,8,72,8,25,2,1,8,0,0,0,11,124
811188,E,2019,2019-07-16,14,6,London,174,City of London,U,Minor,,,533153,181136,51.513466,-0.08252405,,,21,15,88,11,46,5,0,1,1,0,0,7,167
811188,W,2019,2019-07-16,8,6,London,174,City of London,U,Minor,,,533153,181136,51.513466,-0.08252405,,,364,15,62,10,51,7,3,3,0,0,1,14,152
811188,E,2019,2019-07-16,18,6,London,174,City of London,U,Minor,,,533153,181136,51.513466,-0.08252405,,,205,43,84,14,12,0,0,0,0,0,0,0,153
811188,W,2019,2019-07-16,7,6,London,174,City of London,U,Minor,,,533153,181136,51.513466,-0.08252405,,,242,16,53,11,54,12,0,1,0,0,0,13,147
811188,E,2019,2019-07-16,9,6,London,174,City of London,U,Minor,,,533153,181136,51.513466,-0.08252405,,,59,23,53,8,39,12,3,0,0,2,0,17,140
811188,E,2019,2019-07-16,16,6,London,174,City of London,U,Minor,,,533153,181136,51.513466,-0.08252405,,,69,28,108,10,37,5,1,4,0,0,0,10,193
